"标准店名","出现写法","评论提及数","涉及视频数","涉及城市","涉及区县或县级市","有效推荐语境数","戏谑或比较语境数","负面语境数","仅提及语境数","推荐判定","语义判定依据","精筛结论","类别","平台匹配状态","高德链接","点评链接","精筛阶段","证据BV号","证据评论ID","证据摘录","备注"
"熙盛源","熙盛源／熙盛源馄饨","197","16","无锡市","无锡市","36","2","7","153","存在明确推荐","含明确负向体验；明确到店或菜品推荐；明确正向用餐体验；明确重复到店行为；戏谑或比较提及，不等同推荐；只有店名提及，缺少推荐语义","保留候选","馄饨／小笼","双平台已有记录","https://ditu.amap.com/place/B01FE0IEK5","https://m.dianping.com/shop/19791066?msource=applemaps","P2-双平台匹配","BV1e314YJEFA","245730230704","熙盛源的开洋馄饨和小笼包正宗吗，我去无锡吃过一次，还觉得挺好吃的","分店待确认"
"毛华美食","毛华／毛华美食","129","21","无锡市","无锡市","29","3","4","94","存在明确推荐","含明确负向体验；明确到店或菜品推荐；明确正向用餐体验；明确重复到店行为；戏谑或比较提及，不等同推荐；只有店名提及，缺少推荐语义","保留候选","无锡小吃","仅地图已有记录","https://ditu.amap.com/search?query=%E6%97%A0%E9%94%A1%20%E6%AF%9B%E5%8D%8E%E7%BE%8E%E9%A3%9F%20%E5%A4%AA%E6%B9%96%E5%B9%BF%E5%9C%BA","","P1-单平台匹配","BV1QT421C7iV","219609125216","毛华哇 确实好吃 每周都来[打call]","分店待确认"
"三凤桥","三凤桥／三凤桥客堂／三凤桥大排档","162","21","无锡市","无锡市","22","5","8","129","存在明确推荐","含明确负向体验；明确到店或菜品推荐；明确正向用餐体验；戏谑或比较提及，不等同推荐；只有店名提及，缺少推荐语义","保留候选","熟食／本帮菜","待平台核验","","","N-待平台核验","BV1KbygBJELh","282858751040","是的，开洋拌馄饨，小笼包，三凤桥蹄髈，三凤桥红烧肉都很好吃[滑稽] 当然这些都蛮甜的，外地人不一定爱吃，本地人也可能有不爱吃的，我很爱吃[喜欢]","品牌与分店待拆分"
"老牛窝里","老牛窝里","156","11","无锡市","无锡市","16","3","19","119","存在明确推荐","含反讽或戏谑信号；含明确负向体验；明确到店或菜品推荐；明确正向用餐体验；戏谑或比较提及，不等同推荐；只有店名提及，缺少推荐语义","保留候选","无锡菜","仅点评已有记录","","https://m.dianping.com/shopshare/k2jrXPTJ619rTjOn","P1-单平台匹配","BV1e314YJEFA","245748793200","看片头这不是老牛窝里吗？老牛窝里不可能说的这么差的，而且这点的也都是老牛窝里的招牌菜，虽然我老店有十年没去吃了，但新店我是一直去吃的，我不太相信新店和老店有多少区别都是一家师傅出来的，不然我不太相信这个视频的真实性，尤其是筒肠，老牛窝里的筒…",""
"王兴记","王兴记","141","12","无锡市","无锡市","16","2","22","102","存在明确推荐","含反讽或戏谑信号；含明确负向体验；明确到店或菜品推荐；明确正向用餐体验；戏谑或比较提及，不等同推荐；只有店名提及，缺少推荐语义","保留候选","小笼／馄饨","双平台已有记录","https://ditu.amap.com/place/B0FFG0VNII","https://www.dianping.com/shop/544040/photos","P2-双平台匹配","BV1oP6mB4EuX","286201351841","福乐就是最传统的老店了，特点是开洋味浓，价格便宜的提前下品质比较好，比它价格便宜的没它好吃，比它好吃的肯定比它贵，加上市中心的位置，复古的售卖方式，算是比较有代表性且性价比很高的无锡特色小吃了，红汤辣用了一部分鲜椒，味道比较复合，酱油是老酱…","分店待确认"
"天福苑","天福苑","44","13","无锡市","无锡市","14","2","1","28","存在明确推荐","含明确负向体验；明确到店或菜品推荐；明确正向用餐体验；戏谑或比较提及，不等同推荐；只有店名提及，缺少推荐语义","保留候选","无锡菜","双平台已有记录","https://www.amap.com/ranking/wuxi/food/320213","https://www.dianping.com/shop/543610/photos","P2-双平台匹配","BV1Z9NJ6vEPS","308801539296","无锡本地人，鸡鸭鹅不好吃[夏日萌菜表情包_两眼一黑]，不是正儿八经的无锡本帮菜，天福苑的好吃","分店待确认"
"曹张圆圆包子","曹张圆圆包子／圆圆包子／园园包子／元元包子","48","8","无锡市","无锡市","12","0","2","34","存在明确推荐","含明确负向体验；明确到店或菜品推荐；明确正向用餐体验；只有店名提及，缺少推荐语义","保留候选","包子／早餐","双平台已有记录","https://ranks.amap.com/ranking/%E5%8C%85%E5%AD%90%E9%93%BA/320200/%E6%B8%B8%E5%AE%A2","https://www.dianping.com/review/893143600","P2-双平台匹配","BV19XZDYQE4L","259556632912","包子要吃鸿运大包或者曹张元元包子 好吃的","别名写法待地图确认"
"超王记","超王记","84","12","无锡市","江阴市／无锡市","10","1","5","68","存在明确推荐","含反讽或戏谑信号；含明确负向体验；明确到店或菜品推荐；明确正向用餐体验；戏谑或比较提及，不等同推荐；只有店名提及，缺少推荐语义","保留候选","无锡小吃","待平台核验","","","N-待平台核验","BV1cURwYnEum","257097214080","我觉得超王记挺好吃的，苏兴记也可以。",""
"笑来喜","笑来喜","48","9","无锡市","江阴市／无锡市","9","2","6","31","存在明确推荐","含明确负向体验；明确到店或菜品推荐；明确正向用餐体验；戏谑或比较提及，不等同推荐；只有店名提及，缺少推荐语义","保留候选","小笼／馄饨","待平台核验","","","N-待平台核验","BV1L1421Z7Zz","217160381328","方桥不行，都是方便面调料味，可以去澄江福地寿山路口的笑来喜","分店待确认"
"福乐馄饨","福乐／福乐馄饨／福乐馄饨店","63","9","无锡市","无锡市","7","2","3","51","存在明确推荐","含明确负向体验；明确正向用餐体验；戏谑或比较提及，不等同推荐；只有店名提及，缺少推荐语义","保留候选","馄饨","待平台核验","","","N-待平台核验","BV1e314YJEFA","245737223248","我是老无锡人了 无锡真的好吃的苍蝇馆子 在老第四人民医院那边有个福乐馄饨 谁吃谁知道","短别名仅按完整词匹配"
"勤德兴","勤德兴","34","8","无锡市","无锡市","7","1","2","24","存在明确推荐","含明确负向体验；明确到店或菜品推荐；明确正向用餐体验；戏谑或比较提及，不等同推荐；只有店名提及，缺少推荐语义","保留候选","小笼／馄饨","双平台已有记录","https://www.amap.com/place/B0FFGYOB2K","https://www.dianping.com/shop/k73JsSxMRnZEz5am/photos","P2-双平台匹配","BV1cURwYnEum","256313082033","锡盛源不好吃，勤德兴好吃服务环境也好但是以前馄饨大做了活动促销以后越小越小","分店待确认"
"Punch House","Punch House／PunchHouse／PUNCH／punch","52","3","无锡市","无锡市","6","1","1","44","存在明确推荐","含明确负向体验；明确到店或菜品推荐；明确正向用餐体验；戏谑或比较提及，不等同推荐；只有店名提及，缺少推荐语义","保留候选","西餐／酒吧","待平台核验","","","N-待平台核验","BV1WrK56AEKj","309623727872","可惜了，其实可以试试那家PUNCH美式烤肉自助的，太神了，无锡吃过最夯的，就是现在预约太难了[汤圆]","英文大小写合并"
"古香楼","古香楼","31","5","无锡市","无锡市","6","4","1","20","存在明确推荐","含明确负向体验；明确正向用餐体验；戏谑或比较提及，不等同推荐；只有店名提及，缺少推荐语义","保留候选","本帮菜","双平台已有记录","https://www.amap.com/ranking/wuxi/food/320213","https://www.dianping.com/shop/2943202/photos","P2-双平台匹配","BV1cURwYnEum","257105450112","回复：芦庄超王记也还可以。 我家那儿的古香楼也不错。",""
"锡笼记","锡笼记","42","10","无锡市","无锡市","5","0","6","31","存在明确推荐","含明确负向体验；明确正向用餐体验；只有店名提及，缺少推荐语义","保留候选","小笼／馄饨","双平台已有记录","https://ranks.amap.com/ranking/%E5%8C%85%E5%AD%90%E9%93%BA/320200/%E6%B8%B8%E5%AE%A2","https://m.dianping.com/shop/16988444","P2-双平台匹配","BV1Ue4y1r7QE","132748563568","说无锡甜的，我就觉得很搞笑，你怎么不说四川辣，广东宣，就像吃咸鱼咸肉说太咸，臭豆腐太臭，这不是找茬吗？无锡是没有辣的饭店吗？没有清淡的，没有味道浓厚的吗？就一定要喷到把一个地方特色给改没了。做为一个土生土长瘪三的小无锡人，无锡美食已经消失了…",""
"穆桂英美食","穆桂英／穆桂英美食","37","12","无锡市","无锡市","5","0","2","30","存在明确推荐","含明确负向体验；明确到店或菜品推荐；明确正向用餐体验；只有店名提及，缺少推荐语义","保留候选","无锡小吃","双平台已有记录","https://www.amap.com/place/B01FE0IEJ8","https://m.dianping.com/shop/17888515?msource=applemaps","P2-双平台匹配","BV1Ue4y1r7QE","132566257552","两年前去的无锡 他们的穆桂英美食 三凤桥排骨和熙盛源不错 很地道的无锡美食但是会偏甜 他们什么菜都要加很多很多白砂糖！ 不知道丹牛吃不吃的惯 我都吃过 这些小众美食我没有尝试过下次会来看看",""
"淼品香","淼品香","16","3","无锡市","无锡市","5","0","2","9","存在明确推荐","含明确负向体验；明确正向用餐体验；明确重复到店行为；只有店名提及，缺少推荐语义","保留候选","无锡小吃","待平台核验","","","N-待平台核验","BV1cURwYnEum","256596829185","淼品香也不错 配上酸辣汤很好吃",""
"忆秦园","忆秦园／秦园","25","5","无锡市","无锡市","4","1","2","18","存在明确推荐","含明确负向体验；明确正向用餐体验；戏谑或比较提及，不等同推荐；只有店名提及，缺少推荐语义","保留候选","小笼／馄饨","待平台核验","","","N-待平台核验","BV1Wj411n7PD","200962811936","呀，我大二去过这！里面忆秦园小笼好吃的嘞，里面商铺卖的豆腐脑居然是咸的，好吃，但是买的特产都好甜哈哈","秦园短名需结合餐饮语境"
"和团团","和团团","14","6","无锡市","无锡市","4","0","0","10","存在明确推荐","明确到店或菜品推荐；明确正向用餐体验；只有店名提及，缺少推荐语义","保留候选","小吃","待平台核验","","","N-待平台核验","BV1vieoz9Eb9","272667022657","来无锡的话吃个店叫 和团团还是很不错的蛮正宗的无锡菜",""
"义兴斋","义兴斋","14","5","无锡市","无锡市","4","0","0","10","存在明确推荐","明确正向用餐体验；只有店名提及，缺少推荐语义","保留候选","清真／小吃","仅地图已有记录","https://www.amap.com/ranking/wuxi/food/320213","","P1-单平台匹配","BV1Ue4y1r7QE","134203320576","这家包子并不好吃！上马墩义兴斋的好吃！他家肉包菜包真的好吃😋",""
"淘米水私房菜","淘米水私房菜／淘米水","9","3","无锡市","无锡市","4","3","2","1","存在明确推荐","含反讽或戏谑信号；含明确负向体验；明确正向用餐体验；明确重复到店行为；戏谑或比较提及，不等同推荐；只有店名提及，缺少推荐语义","保留候选","无锡私房菜","待平台核验","","","N-待平台核验","BV1GgXNBiESt","296883428240","回复：淘米水确实也不错","实体为向阳路店；比较句仍不计推荐，明确正向体验按正常语义判断"
"无锡鸡鸭鹅大酒店","鸡鸭鹅大酒店／鸡鸭鹅大饭店／无锡鸡鸭鹅大酒店","21","7","无锡市","无锡市","3","0","0","18","存在明确推荐","明确到店或菜品推荐；明确正向用餐体验；只有店名提及，缺少推荐语义","保留候选","本帮菜","仅地图已有记录","https://www.amap.com/place/B0K6BCASIK","","P1-单平台匹配","BV1GgXNBiESt","296862796272","本地菜最基础保险的选择是老牛窝里，最好去他们家老店，体验本地常吃的早面菜饭一类可以去鸡鸭鹅大饭店、丰鼎鸡汤面馆、春笋面馆，南禅寺小吃街现在很同质化了我是不太推荐去的，可以试试海棠糕和梅花糕，就是要注意可能真的很甜顶不住，还想找些小吃可以去稻…",""
"陆稿荐","陆稿荐","16","9","无锡市","无锡市","3","2","0","11","存在明确推荐","明确正向用餐体验；戏谑或比较提及，不等同推荐；只有店名提及，缺少推荐语义","保留候选","熟食","待平台核验","","","N-待平台核验","BV1Ue4y1r7QE","134218010912","回复：三凤桥的不好吃，还是陆稿荐的好吃。",""
"东盛","东盛","10","3","无锡市","无锡市","3","1","0","6","存在明确推荐","明确到店或菜品推荐；戏谑或比较提及，不等同推荐；只有店名提及，缺少推荐语义","待歧义消解","自助餐","待平台核验","","","D-歧义待解","BV1PtMF6YECD","305294260705","可以去排一下无锡万象城刚开的东盛，工作日午市120一位，也有干式熟成＋先切牛羊肉，还有三文鱼","名称过短且分店待确认"
"阿娟馄饨店","阿娟馄饨／阿娟馄饨店","9","5","无锡市","无锡市","3","0","0","6","存在明确推荐","明确到店或菜品推荐；明确正向用餐体验；只有店名提及，缺少推荐语义","保留候选","馄饨","待平台核验","","","N-待平台核验","BV1Ue4y1r7QE","132717315088","[妙啊]圆圆包子店的大哥就是店老板，我小时候就有这家店了，以前他家还卖过鸡子大饼，他家的包子确实好吃，和锡山大桥底下的人可味道差不多。他家对面的阿娟馄饨店也强烈推荐，也是老店。",""
"君溢面馆","君溢面馆","7","3","无锡市","无锡市","3","0","0","4","存在明确推荐","明确正向用餐体验；只有店名提及，缺少推荐语义","保留候选","面馆","待平台核验","","","N-待平台核验","BV1KbygBJELh","281079868737","同新吴区，君溢面馆超级好吃",""
"和兴记","和兴记","5","3","无锡市","无锡市","3","0","0","2","存在明确推荐","明确到店或菜品推荐；明确正向用餐体验；只有店名提及，缺少推荐语义","保留候选","小笼／馄饨","待平台核验","","","N-待平台核验","BV1e314YJEFA","245773150128","可以去试试和兴记[支持]","分店待确认"
"老友记","老友记／惠龙新村老友记","35","6","无锡市","无锡市","2","3","0","30","存在明确推荐","明确到店或菜品推荐；明确正向用餐体验；戏谑或比较提及，不等同推荐；只有店名提及，缺少推荐语义","保留候选","家常菜／馄饨","仅地图已有记录","https://ditu.amap.com/search?query=%E6%97%A0%E9%94%A1%20%E8%80%81%E5%8F%8B%E8%AE%B0%20%E6%83%A0%E9%BE%99%E6%96%B0%E6%9D%91","","P1-单平台匹配","BV1vieoz9Eb9","273985700432","南长街和小娄巷都有店，但是本地人真心劝你不要去吃，真的没有那么好吃，你想吃正宗无锡本帮菜，你就去三凤桥大排档，苍蝇小馆或者面馆啥的你可以去吃老友记","分店待确认"
"陶兴宝点心店","陶兴宝／陶兴宝点心店","27","3","无锡市","江阴市／无锡市","2","1","4","20","存在明确推荐","含明确负向体验；明确正向用餐体验；戏谑或比较提及，不等同推荐；只有店名提及，缺少推荐语义","保留候选","点心／早餐","仅地图已有记录","https://ranks.amap.com/ranking/%E5%8C%85%E5%AD%90%E9%93%BA/320200/%E6%B8%B8%E5%AE%A2","","P1-单平台匹配","BV1L1421Z7Zz","218338721712","陶兴宝 没10年前好吃了，现在鲜的都是鸡精 味精","江阴门店"
"牛New","牛new／牛New／牛NEW","20","4","无锡市","无锡市","2","1","2","15","存在明确推荐","含明确负向体验；明确到店或菜品推荐；明确正向用餐体验；戏谑或比较提及，不等同推荐；只有店名提及，缺少推荐语义","保留候选","牛肉火锅／自助","待平台核验","","","N-待平台核验","BV1GgXNBiESt","294338372977","回复：上海牛new好吃。 现在抖音上无锡饭店探店广告多的坚决不能去","分店待确认"
"老法头","老法头","15","7","无锡市","无锡市","2","0","1","12","存在明确推荐","含明确负向体验；明确正向用餐体验；只有店名提及，缺少推荐语义","保留候选","小吃","待平台核验","","","N-待平台核验","BV1ti421i77i","226473175280","回复：菜阿婆那家不好吃，老法头对面在那个生煎包旁边的那个好吃得多",""
"新万鑫","新万鑫","15","6","无锡市","无锡市","2","0","1","12","存在明确推荐","含明确负向体验；明确到店或菜品推荐；明确正向用餐体验；只有店名提及，缺少推荐语义","保留候选","西北菜／小吃","待平台核验","","","N-待平台核验","BV1e314YJEFA","245568472465","回复：新万鑫确实便宜好吃，一碗面带点配菜人均不四十吧，带过两批苏州和扬州的朋友去吃过，都说很不错[妙啊]前段时间还去吃了蟹黄面，一碗不够吃还让人加了碗面[大笑]",""
"春笋面馆","春笋面馆","10","5","无锡市","无锡市","2","0","0","8","存在明确推荐","明确正向用餐体验；只有店名提及，缺少推荐语义","保留候选","面馆","待平台核验","","","N-待平台核验","BV1cURwYnEum","257345188752","回复：古香楼的红辣汤味道是真的不错超王记都没得比，还有一个叫春笋面馆的拌面也好吃，不过只有两家评分高的好吃其他店都难吃，一家叙康一家好像是长安",""
"游侠烤肉","游侠烤肉","10","1","无锡市","无锡市","2","0","0","8","存在明确推荐","明确正向用餐体验；只有店名提及，缺少推荐语义","保留候选","烤肉","待平台核验","","","N-待平台核验","BV1GgXNBiESt","297031524416","如果不吃自助的话新吴有家叫游侠烤肉的很好吃，要预约。",""
"鼎福记","鼎福记","8","5","无锡市","无锡市","2","0","0","6","存在明确推荐","明确正向用餐体验；只有店名提及，缺少推荐语义","保留候选","小笼／馄饨","待平台核验","","","N-待平台核验","BV1Ue4y1r7QE","133185158768","我觉得鼎福记就很好吃[脱单doge]",""
"湖滨饭店","湖滨饭店","8","6","无锡市","无锡市","2","0","0","6","存在明确推荐","明确到店或菜品推荐；明确正向用餐体验；只有店名提及，缺少推荐语义","保留候选","酒店餐饮","待平台核验","","","N-待平台核验","BV1Z9NJ6vEPS","308845818832","鸡鸭鹅就是骗外地人的，完全是被网红炒红的😅地道无锡菜 湖滨饭店，平价天福苑",""
"糊涂生煎","糊涂生煎","7","5","无锡市","江阴市／无锡市","2","1","2","2","存在明确推荐","含明确负向体验；明确到店或菜品推荐；明确正向用餐体验；戏谑或比较提及，不等同推荐；只有店名提及，缺少推荐语义","保留候选","生煎","待平台核验","","","N-待平台核验","BV1Ue4y1r7QE","132731162928","回复：玉兰饼有个非常规做法的，糊涂生煎的我推荐，我觉得比传统的好吃",""
"小峰饭店","小峰饭店","7","2","无锡市","无锡市","2","0","1","4","存在明确推荐","含明确负向体验；明确正向用餐体验；只有店名提及，缺少推荐语义","保留候选","家常菜","待平台核验","","","N-待平台核验","BV1e314YJEFA","245786894256","回复：笑死个人，南长街门口小峰饭店还排大队呢，好吃吗？你一定也很喜欢现在小峰饭店的骨头煲吧？我再猜猜，你该不会还喜欢排大队的“老无锡”口味的新万鑫，二泉老菜馆吧？江浙菜你该不会还喜欢吃排大队的外婆家，桂满陇吧？粤菜你该不会喜欢排大队的民记吧…",""
"方桥点心","方桥点心","6","4","无锡市","江阴市／无锡市","2","0","0","4","存在明确推荐","明确正向用餐体验；只有店名提及，缺少推荐语义","保留候选","点心／早餐","待平台核验","","","N-待平台核验","BV1oP6mB4EuX","288428144480","回复：emm 是在中心城区附近的 好像叫方桥点心店 可好吃了",""
"卜岩面馆","卜岩面馆","3","3","无锡市","无锡市","2","0","0","1","存在明确推荐","明确到店或菜品推荐；明确正向用餐体验；只有店名提及，缺少推荐语义","保留候选","面馆","待平台核验","","","N-待平台核验","BV1vieoz9Eb9","273983602144","三凤桥就上档次了，达哥是亲民美食，既然都到崇宁路那边鸡鸭鹅了，我推荐不如多走几步学前街卜岩面馆点一桌了",""
"苏兴记","苏兴记","13","5","无锡市","无锡市","1","0","0","12","存在明确推荐","明确正向用餐体验；只有店名提及，缺少推荐语义","保留候选","面馆／小笼","待平台核验","","","N-待平台核验","BV1cURwYnEum","265342158161","苏兴记的很不错","分店待确认"
"柒爷","柒爷","9","5","无锡市","无锡市","1","0","0","8","存在明确推荐","明确到店或菜品推荐；只有店名提及，缺少推荐语义","待歧义消解","羊肉火锅","待平台核验","","","D-歧义待解","BV1Z9NJ6vEPS","305716527329","怎么一堆浇头呀，酱油汤也能算菜的呀，而且这些菜两个我就能吃完[大哭]，但100块在无锡找柒爷啥的可以吃还可以的牛羊肉自助了呀。","分店待确认"
"胡记","胡记","8","4","无锡市","无锡市","1","0","0","7","存在明确推荐","明确正向用餐体验；只有店名提及，缺少推荐语义","待歧义消解","餐厅","待平台核验","","","D-歧义待解","BV15KSbYKEZS","245864884736","回复：本地正宗且好吃的不多目前我只吃到一家君溢面馆,锡胡记馄饨只有滨湖店好吃其他店不太行","名称过短且同名多"
"西新饭店","西新饭店","8","5","无锡市","无锡市","1","1","2","5","存在明确推荐","含明确负向体验；明确到店或菜品推荐；戏谑或比较提及，不等同推荐；只有店名提及，缺少推荐语义","保留候选","家常菜","待平台核验","","","N-待平台核验","BV15KSbYKEZS","245842030881","回复：怡红院贵，有的菜还会踩雷，下班早，建议去市中心的天福苑或者西新饭店，下地铁还能顺便在三凤桥带点卤菜走",""
"红光面馆","红光面馆／老红光面馆","7","2","无锡市","无锡市","1","0","0","6","存在明确推荐","明确正向用餐体验；只有店名提及，缺少推荐语义","保留候选","面馆","待平台核验","","","N-待平台核验","BV1nd4y1u7P8","130450528656","稻香这条街有很多好吃的，德喜楼的面七点前是两块钱一晚，平时是4块钱一晚。后面的稻香楼，他们家的红烧肉一绝。许阿姨鸡蛋饼。红光面馆也不错。那家黄焖鸡也挺好吃的。稻香菜场有一家。鸡子饼半个月做一次，很实惠也不错。菜场里面还有一家做饼的，每天都要…",""
"汉巴味德","汉巴味德","6","1","无锡市","无锡市","1","2","0","3","存在明确推荐","明确正向用餐体验；戏谑或比较提及，不等同推荐；只有店名提及，缺少推荐语义","保留候选","自助餐","待平台核验","","","N-待平台核验","BV1GgXNBiESt","296037177569","没吃过美式烤肉，感觉汉巴味德这种百元的巴西烤肉也不错，服务出品环境都比这个要好，尤其有我喜欢的烤牛舌[鼓掌]",""
"黑叔","黑叔","6","2","无锡市","无锡市","1","0","0","5","存在明确推荐","明确正向用餐体验；只有店名提及，缺少推荐语义","待歧义消解","餐厅","待平台核验","","","D-歧义待解","BV1GgXNBiESt","297013549120","回复：喜欢吃你就吃，没人拦着[呲牙]","名称过短"
"王裕兴","王裕兴／王裕兴肉庄／王裕兴肉骨头","6","4","无锡市","无锡市","1","0","0","5","存在明确推荐","明确正向用餐体验；只有店名提及，缺少推荐语义","保留候选","熟食／本帮菜","待平台核验","","","N-待平台核验","BV1vieoz9Eb9","279490469360","回复：小吃吃就去熙盛源，毛华，穆桂英，正经吃饭去怡红花院，啤酒苑也可以，怡红花院老板开的更好一点的一家盛铭轩-怡红花院我更喜欢，酱排骨只推荐三凤桥去吃新鲜的，千万别再带，特别是塑封包装的，三凤桥的桂花糕很好，鲜肉月饼估计现在没有了，再冷一点…",""
"锡胡记","锡胡记","6","3","无锡市","无锡市","1","0","0","5","存在明确推荐","明确正向用餐体验；只有店名提及，缺少推荐语义","保留候选","无锡小吃","待平台核验","","","N-待平台核验","BV15KSbYKEZS","245864884736","回复：本地正宗且好吃的不多目前我只吃到一家君溢面馆,锡胡记馄饨只有滨湖店好吃其他店不太行",""
"福兴","福兴","5","4","无锡市","无锡市","1","0","0","4","存在明确推荐","明确正向用餐体验；只有店名提及，缺少推荐语义","待歧义消解","餐厅","待平台核验","","","D-歧义待解","BV15KSbYKEZS","245585518961","到我家了？惠龙新村啊[星星眼]，附近有家福兴酸辣汤也很好吃啊","名称过短"
"老老头馄饨","老老头馄饨","5","3","无锡市","无锡市","1","1","1","2","存在明确推荐","含明确负向体验；明确到店或菜品推荐；戏谑或比较提及，不等同推荐；只有店名提及，缺少推荐语义","保留候选","馄饨","待平台核验","","","N-待平台核验","BV15KSbYKEZS","245883400624","哈哈，对面驾照学A1这里常去吃，还可以去民干路的老老头馄饨，以前就开这家店旁边人家后门","民干路线索"
"无锡大饭店","无锡大饭店","5","3","无锡市","无锡市","1","0","0","4","存在明确推荐","明确正向用餐体验；只有店名提及，缺少推荐语义","保留候选","酒店餐饮","待平台核验","","","N-待平台核验","BV1o9XdYZEFp","256888324880","回复：这道菜，无锡大饭店应该是最正宗的，因为就是里面的大厨发明的[笑哭]",""
"阿兴酸辣汤","阿兴酸辣汤","4","3","无锡市","无锡市","1","0","0","3","存在明确推荐","明确正向用餐体验；只有店名提及，缺少推荐语义","保留候选","小吃","待平台核验","","","N-待平台核验","BV1Nj41177WC","198034181120","莲蓉桥那里的阿兴酸辣汤挺好吃的，炸混沌加酸辣汤，旁边还有干将楼吃个早面",""
"宝界雄鹰","宝界雄鹰／宝界宏鹰","4","3","无锡市","无锡市","1","0","0","3","存在明确推荐","明确到店或菜品推荐；只有店名提及，缺少推荐语义","待歧义消解","餐厅","待平台核验","","","D-歧义待解","BV1e314YJEFA","245528943777","建议去尝尝宝界宏鹰那的菜才有无锡的味道！","招牌写法待平台确认"
"拱北楼","拱北楼","4","4","无锡市","无锡市","1","0","0","3","存在明确推荐","明确到店或菜品推荐；只有店名提及，缺少推荐语义","保留候选","小吃／本帮菜","待平台核验","","","N-待平台核验","BV1cURwYnEum","260609234513","老高下次来无锡可以去试试拱北楼的拌面，一代老无锡人的童年最美好的回忆啊",""
"海景壹号","海景壹号","4","1","无锡市","无锡市","1","0","0","3","存在明确推荐","明确正向用餐体验；只有店名提及，缺少推荐语义","保留候选","餐厅","待平台核验","","","N-待平台核验","BV1vieoz9Eb9","274106367472","回复：海景壹号除了海鲜也很不错的。不点海鲜人均200多也能吃的很好了。",""
"美华楼面馆","美华楼／美华楼面馆","4","3","无锡市","无锡市","1","0","0","3","存在明确推荐","明确正向用餐体验；只有店名提及，缺少推荐语义","保留候选","面馆","双平台已有记录","https://ditu.amap.com/search?query=%E6%97%A0%E9%94%A1%20%E7%BE%8E%E5%8D%8E%E6%A5%BC","https://www.dianping.com/shop/4299404/photos/album/p5","P2-双平台匹配","BV1nd4y1u7P8","130217358784","县前西街那边的美华楼正儿八经好吃 料头也好",""
"夏联福记","夏联福记／夏联福记老店","4","2","无锡市","无锡市","1","0","1","2","存在明确推荐","含反讽或戏谑信号；明确到店或菜品推荐；只有店名提及，缺少推荐语义","保留候选","本帮菜／面馆","双平台已有记录","https://www.amap.com/place/B0FFIRZHB8","https://www.dianping.com/shop/111596177/photos/album","P2-双平台匹配","BV11C4zz6E8e","279361186896","认为夏联福记老店的拌面值得吃并建议加胡椒粉","分店待确认"
"常盛香","常盛香","3","1","无锡市","无锡市","1","0","0","2","存在明确推荐","明确正向用餐体验；只有店名提及，缺少推荐语义","保留候选","餐厅","待平台核验","","","N-待平台核验","BV14M4y187sh","162738027408","人家说常盛香的比毛华的好吃所以我就没去吃毛华，哈哈哈哈，只能等明年再去无锡的时候尝尝了",""
"李巷夜宵","李巷夜宵","3","1","无锡市","无锡市","1","0","0","2","存在明确推荐","明确正向用餐体验；只有店名提及，缺少推荐语义","保留候选","夜宵／家常菜","待平台核验","","","N-待平台核验","BV1e314YJEFA","245465850961","去吃李巷夜宵 好吃！苍蝇馆子",""
"胖妹饭店","胖妹饭店","3","2","无锡市","无锡市","1","2","0","0","存在明确推荐","明确正向用餐体验；戏谑或比较提及，不等同推荐","保留候选","家常菜","待平台核验","","","N-待平台核验","BV15KSbYKEZS","245564329921","有没有无锡人说下胖妹饭店和怡红园哪个好吃[doge]，下个月去旅游准备找一家吃下看看",""
"人可包子铺","人可包子／人可包子铺","3","1","无锡市","无锡市","1","0","0","2","存在明确推荐","明确正向用餐体验；只有店名提及，缺少推荐语义","保留候选","包子／早餐","待平台核验","","","N-待平台核验","BV1Ue4y1r7QE","135696809472","我喜欢吃人可包子铺",""
"阗福斋","阗福斋","3","2","无锡市","无锡市","1","0","0","2","存在明确推荐","明确正向用餐体验；只有店名提及，缺少推荐语义","保留候选","清真／小吃","待平台核验","","","N-待平台核验","BV1wi4y1z7oD","201367369776","12月去无锡玩了几天，吃得很好，可能是我对甜甜食物接受度比较高。一去就吃了毛华的玉兰饼和酸辣汤，真的好好吃啊，我超爱玉兰饼，每天早上吃一个都要积食一整天，但是第二天一早又要吃一个[害羞]梅花糕去了老法头和稻香这家，每次各买一个肉的和红豆的，…",""
"无锡老牛咸豆浆","无锡老牛咸豆浆／老牛咸豆浆","3","2","无锡市","无锡市","1","0","0","2","存在明确推荐","明确到店或菜品推荐；只有店名提及，缺少推荐语义","保留候选","早餐／豆浆","待平台核验","","","N-待平台核验","BV1wi4y1z7oD","201896144496","可以去尝尝无锡老牛咸豆浆，来常州的话可以去试试礼嘉坂上东街面馆",""
"朱顺兴油酥","朱顺兴／朱顺兴油酥","3","3","无锡市","无锡市","1","0","0","2","存在明确推荐","明确正向用餐体验；只有店名提及，缺少推荐语义","保留候选","糕点／小吃","仅点评已有记录","","https://m.dianping.com/shop/978080330?msource=applemaps","P1-单平台匹配","BV1Wj411n7PD","200807488448","惠山古镇的朱顺兴油酥也挺好吃的，如果后面up再去，可以尝尝[无悔华夏_点赞]",""
"宝界书院","宝界书院","2","2","无锡市","无锡市","1","0","0","1","存在明确推荐","明确到店或菜品推荐；只有店名提及，缺少推荐语义","待歧义消解","餐厅","待平台核验","","","D-歧义待解","BV1e314YJEFA","245462730641","唐老师，下次来无锡可以去宝界书院！本地人推荐","名称也可能指场所"
"功德林","功德林","2","2","无锡市","无锡市","1","0","0","1","存在明确推荐","明确正向用餐体验；只有店名提及，缺少推荐语义","待歧义消解","素食／面食","待平台核验","","","D-歧义待解","BV1Ue4y1r7QE","132721810880","菜包要吃灵德灵的，甜甜的无锡味。以前功德林的菜包也好吃，现在不行了。","同名品牌较多"
"金霸王猪蹄","金霸王猪蹄","2","2","无锡市","无锡市","1","0","0","1","存在明确推荐","明确正向用餐体验；只有店名提及，缺少推荐语义","保留候选","熟食／小吃","待平台核验","","","N-待平台核验","BV1Ue4y1r7QE","134123620512","我在无锡几年了，无锡物价不低的，而且整体工资不高。我年收14左右，已经算无锡收入比较高的了。我住南禅寺附近，老小区小户型30坪左右1200每月。盛世源无锡连锁店，虾子面一半馄饨一半面11元，纯开洋馄饨13元，开洋就是大点的虾米。无锡小笼包就…",""
"邵氏光头鸡","邵氏光头鸡","2","1","无锡市","无锡市","1","0","0","1","存在明确推荐","明确正向用餐体验；只有店名提及，缺少推荐语义","保留候选","鸡煲／家常菜","待平台核验","","","N-待平台核验","BV15KSbYKEZS","245589159041","推荐鸡鸭鹅大酒店、活泼鲜跳（其实我感觉一般，但是朋友都说好吃，而且每次去都要预约，人超多）、炙焰铁板烧、邵氏光头鸡（东北塘店）[呲牙]只是自己觉得好吃的一些店的推荐，好奇大佬是什么评价",""
"锡来缘","锡来缘","2","1","无锡市","无锡市","1","0","0","1","存在明确推荐","明确到店或菜品推荐；只有店名提及，缺少推荐语义","保留候选","家常菜","待平台核验","","","N-待平台核验","BV1e314YJEFA","245803863568","我推荐一个沁扬路“柒拾陆号人家”都是现炒菜，算是老店了我经常和同事去吃，“弄堂口”好久没有去吃了不知道初心有没有变，年轻一点的餐饮店而且真材实料做的可以去稻香路的“锡来缘”看看。最后，离三凤桥、南长街、南禅寺远一点[吃瓜]","稻香路线索"
"锡乡记","锡乡记／锡香记","2","2","无锡市","无锡市","1","0","0","1","存在明确推荐","明确到店或菜品推荐；只有店名提及，缺少推荐语义","待歧义消解","无锡菜","待平台核验","","","D-歧义待解","BV1axj26fED7","306920059104","要是想吃正宗无锡菜的话，可以去南长街的那家锡乡记","两个写法是否同店待平台确认"
"贝拉厨房","贝拉厨房","1","1","无锡市","无锡市","1","0","0","0","存在明确推荐","明确到店或菜品推荐","保留候选","西餐／牛排","待平台核验","","","N-待平台核验","BV1GgXNBiESt","296870595296","回复：其他的就不是很了解了喜欢牛排可以去贝拉厨房",""
"陈大嘴包子","陈大嘴包子","1","1","无锡市","无锡市","1","0","0","0","存在明确推荐","明确到店或菜品推荐","保留候选","包子／早餐","待平台核验","","","N-待平台核验","BV1Ue4y1r7QE","133067677456","还有陈大嘴包子也可以去看看",""
"大耳朵馄饨","大耳朵馄饨","1","1","无锡市","无锡市","1","0","0","0","存在明确推荐","明确到店或菜品推荐","保留候选","馄饨","待平台核验","","","N-待平台核验","BV1oP6mB4EuX","287575224657","回复：熙盛源 味道不错 河寽口方向有一家大耳朵馄饨 量很足 还有很多本地特色菜提供 云岭锡上附近有芦庄超王记 王兴记不是很推荐 不过也可以吃","河埒口方向线索"
"大口没事烤肉","大口没事烤肉","1","1","无锡市","无锡市","1","0","0","0","存在明确推荐","明确正向用餐体验","待歧义消解","烤肉","待平台核验","","","D-歧义待解","BV1GgXNBiESt","297414596064","旁边那家大口没事烤肉比这家好吃，这家很多是炸出来的不是烤的","疑似谐音或错写"
"福将拉面","福将／福将拉面","1","1","无锡市","无锡市","1","0","0","0","存在明确推荐","明确到店或菜品推荐","保留候选","拉面","待平台核验","","","N-待平台核验","BV1GgXNBiESt","296862796272","本地菜最基础保险的选择是老牛窝里，最好去他们家老店，体验本地常吃的早面菜饭一类可以去鸡鸭鹅大饭店、丰鼎鸡汤面馆、春笋面馆，南禅寺小吃街现在很同质化了我是不太推荐去的，可以试试海棠糕和梅花糕，就是要注意可能真的很甜顶不住，还想找些小吃可以去稻…","短别名需结合拉面语境"
"聚丰园","聚丰园","1","1","无锡市","无锡市","1","0","0","0","存在明确推荐","明确到店或菜品推荐","保留候选","无锡菜","待平台核验","","","N-待平台核验","BV15KSbYKEZS","245629044497","点菜的话可以去聚丰园或者三凤桥，穆桂英也行","营业状态待确认"
"敏红馄饨","敏红馄饨／敏红馄钝","1","1","无锡市","无锡市","1","0","0","0","存在明确推荐","明确到店或菜品推荐","保留候选","馄饨／小笼","待平台核验","","","N-待平台核验","BV1wi4y1z7oD","203820551216","没这么好吃的,可以去敏红馄钝和小笼吃一吃.",""
"柒拾陆号人家","柒拾陆号人家／七十六号人家","1","1","无锡市","无锡市","1","0","0","0","存在明确推荐","明确到店或菜品推荐","保留候选","家常菜","待平台核验","","","N-待平台核验","BV1e314YJEFA","245803863568","我推荐一个沁扬路“柒拾陆号人家”都是现炒菜，算是老店了我经常和同事去吃，“弄堂口”好久没有去吃了不知道初心有没有变，年轻一点的餐饮店而且真材实料做的可以去稻香路的“锡来缘”看看。最后，离三凤桥、南长街、南禅寺远一点[吃瓜]","沁扬路线索"
"三同面馆","三同面馆","1","1","","","1","0","0","0","存在明确推荐","明确到店或菜品推荐","保留候选","面馆","待平台核验","","","N-待平台核验","BV1Wj411n7PD","201534983792","吃面推荐去三同面馆，小笼包熙盛源笑来喜，馄饨这段时间胡记和锡胡记干架价格战争很划算。",""
"沈府嘉筵","沈府嘉筵","1","1","无锡市","无锡市","1","0","0","0","存在明确推荐","明确到店或菜品推荐","保留候选","私房菜","待平台核验","","","N-待平台核验","BV15KSbYKEZS","247942479601","回复：还在无锡的话可以去尝尝沈府嘉筵，无锡私房菜，用餐环境也比较好",""
"无锡老漕面","无锡老漕面／老漕面","1","1","","","1","0","0","0","存在明确推荐","明确到店或菜品推荐","保留候选","面馆","待平台核验","","","N-待平台核验","BV1Wj411n7PD","216174203664","无锡本地人推荐吃面吃无锡老漕面，喝酒要喝黄酒",""
"無夕小笼","無夕小笼／无夕小笼","1","1","无锡市","无锡市","1","0","0","0","存在明确推荐","明确到店或菜品推荐","保留候选","小笼","待平台核验","","","N-待平台核验","BV15KSbYKEZS","245841119408","回复：锡笼记，新万鑫这俩是偏无锡味的，外地人实在接受不了可以去無夕小笼，那里的没有那么甜。面的话梁溪大桥站4号口下出来胖子面馆，扁尖、素鸡、雪菜、三鲜都是推荐浇头，酸辣汤的话去太湖广场站1口下，M会员店对面的毛华，配着玉兰饼吃无敌",""
"锡吴楼","锡吴楼","1","1","无锡市","无锡市","1","0","0","0","存在明确推荐","明确正向用餐体验","保留候选","小笼／馄饨","待平台核验","","","N-待平台核验","BV1e314YJEFA","245907672528","回复：[滑稽]，之前看见王兴记，网上差评太多没敢去吃，很多人推荐芦庄超王记，我也觉得不好吃。勤德兴和锡吴楼的小笼包我觉得很好吃，无锡本地人小笼包爱吃哪家？",""
"兴旺面馆","兴旺面馆","1","1","无锡市","无锡市","1","0","0","0","存在明确推荐","明确到店或菜品推荐","保留候选","面馆","待平台核验","","","N-待平台核验","BV11C4zz6E8e","277815286593","建议去兴旺面馆点由店员手拌的拌面",""
"有野食","有野食","1","1","无锡市","无锡市","1","0","0","0","存在明确推荐","明确到店或菜品推荐","保留候选","餐厅","待平台核验","","","N-待平台核验","BV1e314YJEFA","245705825136","来无锡啦，强烈强烈强烈推荐一下小馆子《有野食》做粤菜的一个苍蝇小馆，推荐台山黄鳝饭，五味鸭，顶我上去[打call][打call][打call][打call][打call][打call][打call][打call][打call][打call]…",""
"毛毛海棠糕","毛毛海棠糕","10","1","","","0","0","0","10","未发现明确推荐","只有店名提及，缺少推荐语义","保留候选","糕点／小吃","待平台核验","","","N-待平台核验","BV1nd4y1u7P8","130204262672","我是无锡的，很喜欢你这个系列，三期去的地方确实都是老无锡人去吃的经典的美食，也谢谢你为了取材满无锡跑，虽然无锡也不是很大，我家在华庄但是毛毛海棠糕我也只去过一次，生意真的很好，就像视频里拍的一定要现场吃才最好吃",""
"怡红花院","怡红花院／怡红院","9","4","无锡市","无锡市","0","0","0","9","未发现明确推荐","只有店名提及，缺少推荐语义","待歧义消解","餐厅","待平台核验","","","D-歧义待解","BV1Z9NJ6vEPS","308787639856","以前没听说过这家店，吃本帮菜选怡红院，天福苑，宝界宏鹰，三凤桥也行啊，还有其他很多本帮菜。以前的老牛窝里（本店）也还行。","可能是盛铭轩别称或错写"
"T12欢乐牧场","T12欢乐牧场／欢乐牧场","7","1","无锡市","无锡市","0","0","1","6","未发现明确推荐","含明确负向体验；只有店名提及，缺少推荐语义","保留候选","自助餐","待平台核验","","","N-待平台核验","BV1GgXNBiESt","298546727809","回复：欢乐牧场拉成啥了，都70块价位了里面都全是合成肉[大哭]",""
"东吴面馆","东吴面馆","6","3","无锡市","无锡市","0","0","3","3","未发现明确推荐","含反讽或戏谑信号；含明确负向体验；只有店名提及，缺少推荐语义","保留候选","面馆","待平台核验","","","N-待平台核验","BV1cURwYnEum","257286029296","我还是喜欢去王兴记，虽然也没以前的好吃了。 或着去锡笼记。 最难吃的是东吴面馆，感觉是网上买的冷冻货",""
"啤酒苑","啤酒苑","6","2","无锡市","无锡市","0","0","0","6","未发现明确推荐","只有店名提及，缺少推荐语义","保留候选","餐厅","待平台核验","","","N-待平台核验","BV1e314YJEFA","276304736592","回复：市中心的话么啤酒苑，怡红园，就是不好停车。要停车的话去怡红花园（盛铭轩），就是怡红园的高端牌子，有个很大的收费停车场，跟门卫说去盛铭轩吃饭，车位满了也能手动抬杆的，有专门预留车位的。馄饨馒头么连锁的就是超王记，笑来喜，熙盛源，鼎福记，…",""
"大荣","大荣","4","4","无锡市","无锡市","0","0","1","3","未发现明确推荐","含明确负向体验；只有店名提及，缺少推荐语义","待歧义消解","面馆","待平台核验","","","D-歧义待解","BV1QT421C7iV","220999079392","本地人觉得无锡一些菜🍬度正好 ，但是有些老法头的吃法 那糖度是非常高的 比如我吃拌面都素油断生微糖 有老年人荤油再加两大勺糖 我都觉得腻 不过来无锡千万不要吃王兴记 本地人都觉得难吃 馄饨么笑来喜 古香楼 勤德兴 芦庄超王记 锡笼记 福乐…","名称过短；必须结合无锡与面食语境"
"红帽小馆","红帽小馆","4","3","无锡市","无锡市","0","0","0","4","未发现明确推荐","只有店名提及，缺少推荐语义","保留候选","家常菜","待平台核验","","","N-待平台核验","BV14M4y187sh","163110790400","本来粉丝小伙伴也想带我吃红帽小馆的，可惜我吃不下了[大哭]",""
"井梅","井梅","4","2","无锡市","无锡市","0","0","1","3","未发现明确推荐","含明确负向体验；只有店名提及，缺少推荐语义","待歧义消解","餐厅","待平台核验","","","D-歧义待解","BV1wi4y1z7oD","226814432160","井梅难吃的要死，千万别去","名称过短"
"顺客福","顺客福","4","4","无锡市","无锡市","0","1","0","3","未发现明确推荐","戏谑或比较提及，不等同推荐；只有店名提及，缺少推荐语义","保留候选","小笼／馄饨","待平台核验","","","N-待平台核验","BV1Nj41177WC","195671072800","作为一个无锡土著，坐标梁溪区，小笼包 作为最最便宜的平民B级美食，有以下搭配方法：早上 拌面加姜丝，豪华一点加两个小笼包 ，中午15个开洋拌馄饨豪华点 加两个小笼包，晚上一碗酸辣汤豪华点再加两个小笼包。卖这三个组合的店铺比较有名的是王兴记 …",""
"鑫震源","鑫震源","4","2","无锡市","无锡市","0","0","0","4","未发现明确推荐","只有店名提及，缺少推荐语义","保留候选","小笼／苏式点心","待平台核验","","","N-待平台核验","BV15KSbYKEZS","245853513840","安徽人无锡推荐:古香楼，锡胡记馄饨，吉品卤肉饭，春笋面馆叙康店，君溢面馆，鑫震源",""
"东红饭店","东红饭店","3","2","无锡市","无锡市","0","0","0","3","未发现明确推荐","只有店名提及，缺少推荐语义","保留候选","无锡菜","待平台核验","","","N-待平台核验","BV15KSbYKEZS","245572422705","推荐一手东红饭店。确实很好吃",""
"吉品卤肉饭","吉品卤肉饭","3","2","无锡市","无锡市","0","0","0","3","未发现明确推荐","只有店名提及，缺少推荐语义","保留候选","快餐","待平台核验","","","N-待平台核验","BV15KSbYKEZS","245853513840","安徽人无锡推荐:古香楼，锡胡记馄饨，吉品卤肉饭，春笋面馆叙康店，君溢面馆，鑫震源",""
"龙凤包子","龙凤包子","3","3","无锡市","无锡市","0","0","0","3","未发现明确推荐","只有店名提及，缺少推荐语义","保留候选","包子／早餐","待平台核验","","","N-待平台核验","BV1Ue4y1r7QE","133855443616","我以前是龙凤包子吃的最多[笑哭]",""
"美拉德69号","美拉德69号","3","2","无锡市","无锡市","0","0","0","3","未发现明确推荐","只有店名提及，缺少推荐语义","保留候选","餐厅","待平台核验","","","N-待平台核验","BV1GgXNBiESt","296860561824","游侠烤肉 群友说不错。整点狠的美拉德69号熟成牛排。 如果你是来旅游的，一般活动范围就市中心和旅游景区了，那就去恒隆和牛涮自助寿喜烧吧[OK]无锡菜或者小吃其他的另说",""
"牛市口","牛市口","3","1","无锡市","无锡市","0","0","0","3","未发现明确推荐","只有店名提及，缺少推荐语义","待歧义消解","涮牛肉","待平台核验","","","D-歧义待解","BV1GgXNBiESt","296883768192","丰茂烤串还可以，碧乐城还有个牛市口涮牛肉品质还不错但是锅底另收费所以比标价88实际还要贵些，江大那边的星光小屋烤肉也还不错，还有就是寿喜烧吃一绪了，我现在对牛new一生黑，拿号排队有套路","名称可能指地点；需地图确认"
"上元楼酒店","上元楼／上元楼酒店","3","1","无锡市","无锡市","0","0","0","3","未发现明确推荐","只有店名提及，缺少推荐语义","保留候选","酒店餐饮","待平台核验","","","N-待平台核验","BV1e314YJEFA","247774988161","推荐试试上元楼酒店，菜的味道还不错。还有个分店上元小馆，位置装修更好点。有预制菜，牛肉粒什么的，但是大部分都是现做的",""
"上元小馆","上元小馆","3","1","无锡市","无锡市","0","0","0","3","未发现明确推荐","只有店名提及，缺少推荐语义","保留候选","家常菜","待平台核验","","","N-待平台核验","BV1e314YJEFA","247774988161","推荐试试上元楼酒店，菜的味道还不错。还有个分店上元小馆，位置装修更好点。有预制菜，牛肉粒什么的，但是大部分都是现做的",""
"盛铭轩","盛铭轩","3","2","无锡市","无锡市","0","0","0","3","未发现明确推荐","只有店名提及，缺少推荐语义","保留候选","本帮菜","待平台核验","","","N-待平台核验","BV1e314YJEFA","245816084496","回复：盛铭轩（怡红花园），天福苑吃菜。小吃连锁店的话，福乐胜利门店（自己带醋，店里的醋很难吃）吃白汤馄饨。笑来喜、鼎福记、熙盛源吃红汤馄饨。笑来喜，超王记吃小笼馒头。福兴、鼎鼎牛吃酸辣汤。毛华、天福苑吃玉兰饼。盛岸菜场（进去了问路）吃荤汤豆…","与怡红花院关系待平台确认"
"新梨庄","新梨庄","3","2","无锡市","无锡市","0","0","0","3","未发现明确推荐","只有店名提及，缺少推荐语义","保留候选","本帮菜","待平台核验","","","N-待平台核验","BV1e314YJEFA","245955109777","回复：新梨庄尚宴，前天刚去吃水准还稳定，就是价格略高",""
"祝琴小吃","祝琴小吃／祝琴馄饨","3","2","无锡市","无锡市","0","0","0","3","未发现明确推荐","只有店名提及，缺少推荐语义","保留候选","馄饨／小吃","待平台核验","","","N-待平台核验","BV1nd4y1u7P8","130192600128","厉害了竟然会找到稻香路上的这家面店，这家店也开了很多年了，价格便宜味道不错就是环境不算好，要是来稻香只吃了这碗面就亏了，里面稻香菜场有很多好吃的，鸭血小馄饨，酒酿，小红糕点，卤汁豆腐干，祝琴小吃店里的馄饨砂锅米线等。",""
"曹张手推馄饨","曹张手推馄饨","2","2","无锡市","无锡市","0","1","0","1","未发现明确推荐","戏谑或比较提及，不等同推荐；只有店名提及，缺少推荐语义","保留候选","馄饨","待平台核验","","","N-待平台核验","BV1nd4y1u7P8","130222431344","推荐曹张手推馄饨昂，加点糖的拌馄饨真的特别好吃[脱单doge]",""
"丁大福","丁大福","2","2","无锡市","无锡市","0","0","1","1","未发现明确推荐","含明确负向体验；只有店名提及，缺少推荐语义","保留候选","小吃","待平台核验","","","N-待平台核验","BV14M4y187sh","163159748512","回复：勤德兴的小笼包可以但是其他我觉得一般 你可以下次来试试勤德兴前面那边丁大福 那里我觉得还可以",""
"活泼鲜跳","活泼鲜跳","2","2","无锡市","无锡市","0","0","1","1","未发现明确推荐","含明确负向体验；只有店名提及，缺少推荐语义","保留候选","餐厅","待平台核验","","","N-待平台核验","BV15KSbYKEZS","245589159041","推荐鸡鸭鹅大酒店、活泼鲜跳（其实我感觉一般，但是朋友都说好吃，而且每次去都要预约，人超多）、炙焰铁板烧、邵氏光头鸡（东北塘店）[呲牙]只是自己觉得好吃的一些店的推荐，好奇大佬是什么评价",""
"健康面馆","健康面馆","2","1","","","0","0","0","2","未发现明确推荐","只有店名提及，缺少推荐语义","保留候选","面馆","待平台核验","","","N-待平台核验","BV1nd4y1u7P8","130190242848","健康面馆YYDS!我吃了20+年",""
"陆振兴","陆振兴","2","1","","","0","0","0","2","未发现明确推荐","只有店名提及，缺少推荐语义","保留候选","苏式面馆","待平台核验","","","N-待平台核验","BV1Z9NJ6vEPS","308825831488","回复：陆振兴和东吴面馆得看运气，分店做的不一定好吃，参差不齐吧[脱单doge]苏式面我偏爱西中市的老陆稿荐","分店待确认"
"弄堂口","弄堂口","2","2","无锡市","无锡市","0","0","0","2","未发现明确推荐","只有店名提及，缺少推荐语义","待歧义消解","家常菜","待平台核验","","","D-歧义待解","BV1e314YJEFA","245803863568","我推荐一个沁扬路“柒拾陆号人家”都是现炒菜，算是老店了我经常和同事去吃，“弄堂口”好久没有去吃了不知道初心有没有变，年轻一点的餐饮店而且真材实料做的可以去稻香路的“锡来缘”看看。最后，离三凤桥、南长街、南禅寺远一点[吃瓜]","名称较泛"
"双和楼","双和楼","2","2","无锡市","无锡市","0","0","0","2","未发现明确推荐","只有店名提及，缺少推荐语义","保留候选","本帮菜","待平台核验","","","N-待平台核验","BV1e314YJEFA","245685412945","这家店早年就和合伙人掰了，要吃原班人马的，要去双和楼",""
"野蛮人","野蛮人","2","1","无锡市","无锡市","0","0","0","2","未发现明确推荐","只有店名提及，缺少推荐语义","待歧义消解","餐厅","待平台核验","","","D-歧义待解","BV1GgXNBiESt","294498301969","兄弟，我也是在野蛮人吃过两回。看了这视频马上收藏了这家店，准备周末开车去吃。心想你们是真没吃过真正出生的店，你这照片我一看好眼熟啊，真是野蛮人啊。[藏狐][藏狐][藏狐]","名称可能指非门店语义"
"状元楼","状元楼","2","1","无锡市","无锡市","0","0","0","2","未发现明确推荐","只有店名提及，缺少推荐语义","待歧义消解","餐厅","待平台核验","","","D-歧义待解","BV1cURwYnEum","257137566176","终于有个说实话的，搞得好像包邮区都这么甜。记得我苏州人带个宁波上海人08年第一次去无锡，市区第一顿晚饭状元楼点了四菜一汤，半个多小时就打包四个菜走人，出门有乞丐要饭给他了，我只能说这里的菜甜到世界观被颠覆。但第二天去参加婚礼，乡下婚宴就还好…","同名店较多"
"爱尚炸鸡","爱尚炸鸡","1","1","","","0","0","0","1","未发现明确推荐","只有店名提及，缺少推荐语义","保留候选","炸鸡","待平台核验","","","N-待平台核验","BV1Ur421V7ZD","216683776880","苏州也有这个[微笑]爱尚炸鸡35.8不过只能吃一小时，也送饮料[doge]",""
"蔡阿婆鸡子大饼","蔡阿婆鸡子大饼","1","1","无锡市","无锡市","0","0","0","1","未发现明确推荐","只有店名提及，缺少推荐语义","保留候选","小吃","待平台核验","","","N-待平台核验","BV1Ue4y1r7QE","134123620512","我在无锡几年了，无锡物价不低的，而且整体工资不高。我年收14左右，已经算无锡收入比较高的了。我住南禅寺附近，老小区小户型30坪左右1200每月。盛世源无锡连锁店，虾子面一半馄饨一半面11元，纯开洋馄饨13元，开洋就是大点的虾米。无锡小笼包就…",""
"大荣世家面馆","大荣世家／大荣世家面馆","1","1","无锡市","无锡市","0","0","0","1","未发现明确推荐","只有店名提及，缺少推荐语义","保留候选","面馆","待平台核验","","","N-待平台核验","BV1vieoz9Eb9","272669863137","回复：确实，还推荐中桥大荣世家面馆点两个浇头吃吃也很划算。",""
"道春食府","道春食府","1","1","无锡市","无锡市","0","0","0","1","未发现明确推荐","只有店名提及，缺少推荐语义","保留候选","本帮菜","待平台核验","","","N-待平台核验","BV1w1Q7YoEvz","257556497952","锡帮菜是被“甜”过分掩盖了的 但这种小馆大吃，就非常好 无锡除了大连锁，好吃的馆子还是呈现被打散的状态，非常不均匀的隐藏在犄角旮旯。 亲测过“道春食府”，锡帮菜名厨施道春师傅的二代主理，很能代表锡帮菜",""
"鼎鼎牛","鼎鼎牛","1","1","无锡市","无锡市","0","0","0","1","未发现明确推荐","只有店名提及，缺少推荐语义","保留候选","牛肉餐饮","待平台核验","","","N-待平台核验","BV1e314YJEFA","245816084496","回复：盛铭轩（怡红花园），天福苑吃菜。小吃连锁店的话，福乐胜利门店（自己带醋，店里的醋很难吃）吃白汤馄饨。笑来喜、鼎福记、熙盛源吃红汤馄饨。笑来喜，超王记吃小笼馒头。福兴、鼎鼎牛吃酸辣汤。毛华、天福苑吃玉兰饼。盛岸菜场（进去了问路）吃荤汤豆…",""
"丰鼎鸡汤面馆","丰鼎鸡汤面馆","1","1","无锡市","无锡市","0","0","0","1","未发现明确推荐","只有店名提及，缺少推荐语义","保留候选","面馆","待平台核验","","","N-待平台核验","BV1GgXNBiESt","296862796272","本地菜最基础保险的选择是老牛窝里，最好去他们家老店，体验本地常吃的早面菜饭一类可以去鸡鸭鹅大饭店、丰鼎鸡汤面馆、春笋面馆，南禅寺小吃街现在很同质化了我是不太推荐去的，可以试试海棠糕和梅花糕，就是要注意可能真的很甜顶不住，还想找些小吃可以去稻…",""
"韩舍牛肉","韩舍牛肉","1","1","","","0","0","0","1","未发现明确推荐","只有店名提及，缺少推荐语义","保留候选","牛肉餐饮","待平台核验","","","N-待平台核验","BV1PtMF6YECD","305465396513","无锡万象汇的韩舍牛肉 肉质不错，就是品类少了些，最近出的东盛，工作日118性价比极高 品类巨多 肉也很好可惜排队100桌+，再往上建议去吃日料了，新地假日广场的樱之亭 176能点法罗三文鱼鱼腩","万象汇线索"
"欢喜源","欢喜源","1","1","无锡市","无锡市","0","0","0","1","未发现明确推荐","只有店名提及，缺少推荐语义","保留候选","小吃","待平台核验","","","N-待平台核验","BV1Nj41177WC","195671072800","作为一个无锡土著，坐标梁溪区，小笼包 作为最最便宜的平民B级美食，有以下搭配方法：早上 拌面加姜丝，豪华一点加两个小笼包 ，中午15个开洋拌馄饨豪华点 加两个小笼包，晚上一碗酸辣汤豪华点再加两个小笼包。卖这三个组合的店铺比较有名的是王兴记 …",""
"皇亭小吃","皇亭小吃","1","1","无锡市","无锡市","0","0","0","1","未发现明确推荐","只有店名提及，缺少推荐语义","保留候选","无锡小吃","待平台核验","","","N-待平台核验","BV1Nj41177WC","195671072800","作为一个无锡土著，坐标梁溪区，小笼包 作为最最便宜的平民B级美食，有以下搭配方法：早上 拌面加姜丝，豪华一点加两个小笼包 ，中午15个开洋拌馄饨豪华点 加两个小笼包，晚上一碗酸辣汤豪华点再加两个小笼包。卖这三个组合的店铺比较有名的是王兴记 …",""
"见南山","见南山","1","1","无锡市","无锡市","0","0","0","1","未发现明确推荐","只有店名提及，缺少推荐语义","待歧义消解","餐厅","待平台核验","","","D-歧义待解","BV15KSbYKEZS","245811897361","回复： [笑哭]我阳山的，正儿八经吃饭都是洛社/雪堰/胡埭 不过阳山最近新开了家叫见南山的，还不错","阳山新店线索"
"劲道面馆","劲道面馆","1","1","无锡市","无锡市","0","0","0","1","未发现明确推荐","只有店名提及，缺少推荐语义","保留候选","面馆","双平台已有记录","https://ditu.amap.com/search?query=%E6%97%A0%E9%94%A1%20%E7%9B%9B%E5%B2%B8%20%E5%8A%B2%E9%81%93%E9%9D%A2%E9%A6%86","https://m.dianping.com/shop/105565517?msource=applemaps","P2-双平台匹配","BV11C4zz6E8e","280119995488","表示爬山后常去盛岸劲道面馆并称味道足",""
"聚成源","聚成源","1","1","无锡市","无锡市","0","0","0","1","未发现明确推荐","只有店名提及，缺少推荐语义","保留候选","小笼／馄饨","待平台核验","","","N-待平台核验","BV1Nj41177WC","195671072800","作为一个无锡土著，坐标梁溪区，小笼包 作为最最便宜的平民B级美食，有以下搭配方法：早上 拌面加姜丝，豪华一点加两个小笼包 ，中午15个开洋拌馄饨豪华点 加两个小笼包，晚上一碗酸辣汤豪华点再加两个小笼包。卖这三个组合的店铺比较有名的是王兴记 …",""
"林德林","林德林","1","1","无锡市","无锡市","0","0","0","1","未发现明确推荐","只有店名提及，缺少推荐语义","待歧义消解","小吃","待平台核验","","","D-歧义待解","BV1vieoz9Eb9","274144400704","那大概只是你不习惯这里口味或者吃的少，论种类，本帮菜和点心都不少，论口味，高端点的太湖边上的店，向阳路上的私房菜都有蛮多不错的，老小区边上都不缺好吃的，好吃的店@用户，哪家面店的浇头烧的好，面用的好，汤头熬的好，都要自己去发现，拿包子举例，…",""
"楼上楼","楼上楼","1","1","无锡市","无锡市","0","0","0","1","未发现明确推荐","只有店名提及，缺少推荐语义","待歧义消解","本帮菜","待平台核验","","","D-歧义待解","BV11C4zz6E8e","277826864657","回忆原锡师附小门口的楼上楼不错","同名店较多"
"胖子面馆","胖子面馆","1","1","无锡市","无锡市","0","0","0","1","未发现明确推荐","只有店名提及，缺少推荐语义","待歧义消解","面馆","待平台核验","","","D-歧义待解","BV15KSbYKEZS","245841119408","回复：锡笼记，新万鑫这俩是偏无锡味的，外地人实在接受不了可以去無夕小笼，那里的没有那么甜。面的话梁溪大桥站4号口下出来胖子面馆，扁尖、素鸡、雪菜、三鲜都是推荐浇头，酸辣汤的话去太湖广场站1口下，M会员店对面的毛华，配着玉兰饼吃无敌","同名店较多"
"钱笼爷","钱笼爷","1","1","无锡市","无锡市","0","0","0","1","未发现明确推荐","只有店名提及，缺少推荐语义","保留候选","小笼／馄饨","待平台核验","","","N-待平台核验","BV1Nj41177WC","196974458704","以前上学的时候经常喜欢去五里新村菜场对面的一家叫忆秦园的小笼包店吃，它家的蟹粉小笼包和鲜肉小馄饨还有酸辣汤都贼好吃，不过现在改名了，叫钱笼爷，很久没有去那里吃了，也不知道现在还好不好吃了","评论称原忆秦园位置改名；关系待核验"
"青山绮","青山绮","1","1","无锡市","无锡市","0","0","0","1","未发现明确推荐","只有店名提及，缺少推荐语义","保留候选","餐厅","待平台核验","","","N-待平台核验","BV1wi4y1z7oD","201367369776","12月去无锡玩了几天，吃得很好，可能是我对甜甜食物接受度比较高。一去就吃了毛华的玉兰饼和酸辣汤，真的好好吃啊，我超爱玉兰饼，每天早上吃一个都要积食一整天，但是第二天一早又要吃一个[害羞]梅花糕去了老法头和稻香这家，每次各买一个肉的和红豆的，…",""
"傻大姐","傻大姐","1","1","无锡市","无锡市","0","0","0","1","未发现明确推荐","只有店名提及，缺少推荐语义","待歧义消解","餐厅","待平台核验","","","D-歧义待解","BV1GgXNBiESt","296878214320","回复： 建议早点去[笑哭]，点单改的自助。能活多久属于鬼知道了。 我这几年认为好吃又有性价比的店，就活了一家（傻大姐）[笑哭][笑哭][笑哭]。","名称较泛"
"山明湖鲜馆","山明湖鲜馆","1","1","","","0","0","0","1","未发现明确推荐","只有店名提及，缺少推荐语义","保留候选","湖鲜","待平台核验","","","N-待平台核验","BV1nd4y1u7P8","130332985904","来了无锡，怎么能不吃湖鲜呢？以前有18鲜，现在只有13鲜了，推荐山明湖鲜馆",""
"上马墩饭店","上马墩饭店","1","1","无锡市","无锡市","0","0","0","1","未发现明确推荐","只有店名提及，缺少推荐语义","保留候选","家常菜／包子","待平台核验","","","N-待平台核验","BV1Ue4y1r7QE","134268974352","建议楼主去无锡南禅寺朝阳菜场那边，有两家卖包子的挺不错，一家叫人可包子铺，另一家叫上马墩饭店不，不只是卖包子。圆圆包子店个人感觉还行但谈不上无锡最好[吃瓜]",""
"上马墩面馆","上马墩面馆","1","1","无锡市","无锡市","0","0","0","1","未发现明确推荐","只有店名提及，缺少推荐语义","保留候选","面馆","待平台核验","","","N-待平台核验","BV1vieoz9Eb9","274144400704","那大概只是你不习惯这里口味或者吃的少，论种类，本帮菜和点心都不少，论口味，高端点的太湖边上的店，向阳路上的私房菜都有蛮多不错的，老小区边上都不缺好吃的，好吃的店@用户，哪家面店的浇头烧的好，面用的好，汤头熬的好，都要自己去发现，拿包子举例，…",""
"太湖度假村","太湖度假村","1","1","无锡市","无锡市","0","0","0","1","未发现明确推荐","只有店名提及，缺少推荐语义","保留候选","酒店餐饮","待平台核验","","","N-待平台核验","BV1vieoz9Eb9","274094694896","好吃的地方多了，随便说几个不会踩雷的，香满楼，和团团，三凤桥，太湖度假村，湖滨饭店，海景壹号，荣巷步行街里有几家无锡菜也不错。",""
"武代","武代","1","1","","","0","0","0","1","未发现明确推荐","只有店名提及，缺少推荐语义","待歧义消解","日料","待平台核验","","","D-歧义待解","BV1PtMF6YECD","308004048944","你就说武代是不是武汉的吧[doge]","名称过短"
"锡品记","锡品记","1","1","无锡市","无锡市","0","0","0","1","未发现明确推荐","只有店名提及，缺少推荐语义","保留候选","无锡小吃","待平台核验","","","N-待平台核验","BV1Nj41177WC","195671072800","作为一个无锡土著，坐标梁溪区，小笼包 作为最最便宜的平民B级美食，有以下搭配方法：早上 拌面加姜丝，豪华一点加两个小笼包 ，中午15个开洋拌馄饨豪华点 加两个小笼包，晚上一碗酸辣汤豪华点再加两个小笼包。卖这三个组合的店铺比较有名的是王兴记 …",""
"香满楼","香满楼","1","1","无锡市","无锡市","0","0","0","1","未发现明确推荐","只有店名提及，缺少推荐语义","待歧义消解","餐厅","待平台核验","","","D-歧义待解","BV1vieoz9Eb9","274094694896","好吃的地方多了，随便说几个不会踩雷的，香满楼，和团团，三凤桥，太湖度假村，湖滨饭店，海景壹号，荣巷步行街里有几家无锡菜也不错。","同名店较多"
"小红糕点","小红糕点","1","1","","","0","0","0","1","未发现明确推荐","只有店名提及，缺少推荐语义","保留候选","糕点","待平台核验","","","N-待平台核验","BV1nd4y1u7P8","130192600128","厉害了竟然会找到稻香路上的这家面店，这家店也开了很多年了，价格便宜味道不错就是环境不算好，要是来稻香只吃了这碗面就亏了，里面稻香菜场有很多好吃的，鸭血小馄饨，酒酿，小红糕点，卤汁豆腐干，祝琴小吃店里的馄饨砂锅米线等。",""
"小敏糕团","小敏糕团","1","1","无锡市","无锡市","0","0","0","1","未发现明确推荐","只有店名提及，缺少推荐语义","保留候选","糕团／小吃","待平台核验","","","N-待平台核验","BV1vieoz9Eb9","274032700672","回复：说实话无锡的特产都只适合现买现吃，能带走的干的不多，小吃类：有梅花糕，玉兰饼，小笼包（喜欢甜口买熙盛源，喜欢咸口买超王记），点心类：惠山油酥，油酥饼，惠山古镇的阗福斋糕团，阳山小敏糕团，熟食类：三凤桥的鸡翅，元宝虾，酱排骨，然后还有清…",""
"小团圆酸菜鱼","小团圆酸菜鱼","1","1","无锡市","无锡市","0","0","0","1","未发现明确推荐","只有店名提及，缺少推荐语义","保留候选","酸菜鱼","待平台核验","","","N-待平台核验","BV15KSbYKEZS","245796908993","试试小团圆酸菜鱼，老牛窝里",""
"印象陕锡","印象陕锡","1","1","无锡市","无锡市","0","0","0","1","未发现明确推荐","只有店名提及，缺少推荐语义","保留候选","西北菜","待平台核验","","","N-待平台核验","BV11C4zz6E8e","278251178801","推荐印象陕锡的热米皮并评价肉夹馍尚可",""
"樱之亭","樱之亭","1","1","","","0","0","0","1","未发现明确推荐","只有店名提及，缺少推荐语义","保留候选","日料","待平台核验","","","N-待平台核验","BV1PtMF6YECD","305465396513","无锡万象汇的韩舍牛肉 肉质不错，就是品类少了些，最近出的东盛，工作日118性价比极高 品类巨多 肉也很好可惜排队100桌+，再往上建议去吃日料了，新地假日广场的樱之亭 176能点法罗三文鱼鱼腩","新地假日广场线索"
"炙焰铁板烧","炙焰铁板烧","1","1","无锡市","无锡市","0","0","0","1","未发现明确推荐","只有店名提及，缺少推荐语义","保留候选","铁板烧","待平台核验","","","N-待平台核验","BV15KSbYKEZS","245589159041","推荐鸡鸭鹅大酒店、活泼鲜跳（其实我感觉一般，但是朋友都说好吃，而且每次去都要预约，人超多）、炙焰铁板烧、邵氏光头鸡（东北塘店）[呲牙]只是自己觉得好吃的一些店的推荐，好奇大佬是什么评价",""
