"标准店名","命中写法","BV号","评论ID","父评论ID","发布时间","点赞数","涉及城市","涉及区县或县级市","语义角色","是否有效推荐","判定依据","评论文本","数据来源"
"Punch House","punch","BV1GgXNBiESt","294765754049","","2026-03-31 23:52:42","0","无锡市","无锡市","有效推荐","是","明确正向用餐体验","punch那家真的好吃[笑哭]，离开了无锡吃不到了，真的好想念！！","原始评论"
"Punch House","punch","BV1GgXNBiESt","296938918032","296867670608","2026-03-28 15:50:19","0","无锡市","无锡市","有效推荐","是","明确正向用餐体验","美式烤肉应该punch才是最好吃的，就是得提前一周左右全款预定才行","原始评论"
"Punch House","punch／PunchHouse","BV1PtMF6YECD","305076776577","305076892001","2026-07-06 19:22:22","1","","","有效推荐","是","明确正向用餐体验","回复：punchhouse也不错就是太难约了","原始评论"
"Punch House","punch／PunchHouse","BV1PtMF6YECD","307996542112","","2026-07-04 19:28:57","0","","","有效推荐","是","明确到店或菜品推荐","可以试试无锡的punchhouse[doge]就是要预约","原始评论"
"Punch House","punch／Punch House","BV1WrK56AEKj","306488273457","306451443921","2026-07-17 18:29:14","0","无锡市","无锡市","有效推荐","是","明确到店或菜品推荐","可以试试punch house，也是美式烤肉自助","原始评论"
"Punch House","punch","BV1WrK56AEKj","309623727872","","2026-07-17 01:08:02","25","无锡市","无锡市","有效推荐","是","明确到店或菜品推荐","可惜了，其实可以试试那家PUNCH美式烤肉自助的，太神了，无锡吃过最夯的，就是现在预约太难了[汤圆]","原始评论"
"阿娟馄饨店","阿娟馄饨／阿娟馄饨店","BV15KSbYKEZS","254022772896","246713182400","2025-01-31 21:09:42","0","无锡市","无锡市","有效推荐","是","明确正向用餐体验","小笼包必须吃熙盛源，王兴记锡笼记啥的都很一般，阿娟馄饨店好吃，还有新万鑫面馆","原始评论"
"阿娟馄饨店","阿娟馄饨","BV1Ue4y1r7QE","132615889472","132611993776","2022-10-06 08:46:07","0","无锡市","无锡市","有效推荐","是","明确正向用餐体验","回复：阿娟馄饨确实不错，那个汤也好喝，那个包子吃过几次味道还行，就是那老头经常能看到和别人吵架","原始评论"
"阿娟馄饨店","阿娟馄饨／阿娟馄饨店","BV1Ue4y1r7QE","132717315088","","2022-10-06 23:26:19","4","无锡市","无锡市","有效推荐","是","明确到店或菜品推荐","[妙啊]圆圆包子店的大哥就是店老板，我小时候就有这家店了，以前他家还卖过鸡子大饼，他家的包子确实好吃，和锡山大桥底下的人可味道差不多。他家对面的阿娟馄饨店也强烈推荐，也是老店。","原始评论"
"阿兴酸辣汤","阿兴酸辣汤","BV1Nj41177WC","198034181120","","2023-12-10 20:28:19","0","无锡市","无锡市","有效推荐","是","明确正向用餐体验","莲蓉桥那里的阿兴酸辣汤挺好吃的，炸混沌加酸辣汤，旁边还有干将楼吃个早面","原始评论"
"宝界书院","宝界书院","BV1e314YJEFA","245462730641","","2024-10-29 00:11:59","0","无锡市","无锡市","有效推荐","是","明确到店或菜品推荐","唐老师，下次来无锡可以去宝界书院！本地人推荐","原始评论"
"宝界雄鹰","宝界宏鹰","BV1e314YJEFA","245528943777","","2024-10-29 21:52:01","0","无锡市","无锡市","有效推荐","是","明确到店或菜品推荐","建议去尝尝宝界宏鹰那的菜才有无锡的味道！","原始评论"
"贝拉厨房","贝拉厨房","BV1GgXNBiESt","296870595296","294345610401","2026-03-27 23:01:54","0","无锡市","无锡市","有效推荐","是","明确到店或菜品推荐","回复：其他的就不是很了解了喜欢牛排可以去贝拉厨房","原始评论"
"卜岩面馆","卜岩面馆","BV1nd4y1u7P8","130193131744","","2022-09-15 21:33:12","1","","","有效推荐","是","明确正向用餐体验","东林中学附近有家卜岩面馆也好吃","原始评论"
"卜岩面馆","卜岩面馆","BV1vieoz9Eb9","273983602144","272667751297","2025-08-25 19:42:11","15","无锡市","无锡市","有效推荐","是","明确到店或菜品推荐","三凤桥就上档次了，达哥是亲民美食，既然都到崇宁路那边鸡鸭鹅了，我推荐不如多走几步学前街卜岩面馆点一桌了","原始评论"
"曹张圆圆包子","园园包子","BV19XZDYQE4L","259103702753","259569398096","2025-04-09 21:32:19","0","无锡市","无锡市","有效推荐","是","明确到店或菜品推荐","菜/肉也可以吃园园包子","原始评论"
"曹张圆圆包子","元元包子","BV19XZDYQE4L","259556632912","","2025-04-05 00:10:52","1","无锡市","无锡市","有效推荐","是","明确正向用餐体验","包子要吃鸿运大包或者曹张元元包子 好吃的","原始评论"
"曹张圆圆包子","元元包子","BV19XZDYQE4L","259694404672","","2025-04-06 15:27:32","0","无锡市","无锡市","有效推荐","是","明确正向用餐体验","前面稻香路元元包子也好吃的","原始评论"
"曹张圆圆包子","圆圆包子","BV1Nj41177WC","195802154144","195497352432","2023-11-24 23:23:36","0","无锡市","无锡市","有效推荐","是","明确到店或菜品推荐","圆圆包子个菜馅额算菜猪油个哇[脱单doge]是的话我可以吃一星期","原始评论"
"曹张圆圆包子","园园包子","BV1Ue4y1r7QE","132587693664","","2022-10-05 23:09:31","0","无锡市","无锡市","有效推荐","是","明确正向用餐体验","园园包子真的比鸿运好吃，还便宜","原始评论"
"曹张圆圆包子","圆圆包子","BV1Ue4y1r7QE","132726061216","","2022-10-07 00:40:42","0","无锡市","无锡市","有效推荐","是","明确到店或菜品推荐","强推圆圆包子和梅花糕。第三个没吃过不评价。毛华感觉没以前好吃了","原始评论"
"曹张圆圆包子","圆圆包子","BV1Ue4y1r7QE","132763869904","","2022-10-07 12:05:05","0","无锡市","无锡市","有效推荐","是","明确正向用餐体验","以前在太湖广场附近，每周买五个圆圆包子铺的肉包（豆沙也很好吃），然后上班之前叮一下","原始评论"
"曹张圆圆包子","圆圆包子","BV1Ue4y1r7QE","132826149776","","2022-10-07 21:12:18","0","无锡市","无锡市","有效推荐","是","明确正向用餐体验","我就住曹张20多年了 其实圆圆包子店对面的小馄饨才是好吃的","原始评论"
"曹张圆圆包子","园园包子","BV1Ue4y1r7QE","134473620480","","2022-10-22 00:14:50","0","无锡市","无锡市","有效推荐","是","明确正向用餐体验","园园包子铺超好吃😋","原始评论"
"曹张圆圆包子","园园包子","BV1Ue4y1r7QE","134718609408","","2022-10-23 21:18:31","0","无锡市","无锡市","有效推荐","是","明确正向用餐体验","最好吃的鸡子大饼也在园园包子铺这条街","原始评论"
"曹张圆圆包子","圆圆包子","BV1Ue4y1r7QE","265435920897","","2025-06-23 23:37:28","0","无锡市","无锡市","有效推荐","是","明确正向用餐体验","圆圆包子的菜包子好吃","原始评论"
"曹张圆圆包子","园园包子","BV1Z9NJ6vEPS","308942212432","308801591008","2026-07-12 00:58:57","0","","","有效推荐","是","明确正向用餐体验","回复：园园包子的肉包不是很好吃吗，我感觉比街边的什么早餐店的还有巴比青露鸿运大包好吃多了😋，也不甜吧","原始评论"
"常盛香","常盛香","BV14M4y187sh","162738027408","162712479472","2023-04-28 08:53:13","0","无锡市","无锡市","有效推荐","是","明确正向用餐体验","人家说常盛香的比毛华的好吃所以我就没去吃毛华，哈哈哈哈，只能等明年再去无锡的时候尝尝了","原始评论"
"超王记","超王记","BV15KSbYKEZS","246777330080","246713182400","2024-11-10 18:33:36","0","无锡市","无锡市","有效推荐","是","明确到店或菜品推荐","小笼馄饨首选芦庄超王记，王兴记有些褒贬不一，熙城巷一定避雷，除此之外翠山一号的早茶也好吃😋不过现在涨价了","原始评论"
"超王记","超王记","BV1cURwYnEum","256583361025","","2025-03-09 17:52:29","0","无锡市","无锡市","有效推荐","是","明确正向用餐体验","芦庄超王记好吃！左边一个女中，右边南禅寺","原始评论"
"超王记","超王记","BV1cURwYnEum","257097214080","","2025-03-06 17:50:51","14","无锡市","无锡市","有效推荐","是","明确正向用餐体验","我觉得超王记挺好吃的，苏兴记也可以。","原始评论"
"超王记","超王记","BV1cURwYnEum","257115513712","257097214080","2025-03-06 21:41:42","2","无锡市","无锡市","有效推荐","是","明确正向用餐体验","芦庄超王记才是最好吃哒！","原始评论"
"超王记","超王记","BV1e314YJEFA","245666124896","","2024-10-28 11:42:24","0","无锡市","无锡市","有效推荐","是","明确正向用餐体验","老唐终于来无锡了，个人觉得馄饨小笼超王记最好吃，南禅寺二院旁边有个面馆门头挺大的叫什么我忘了，也很不错，无锡是个好地方，各种特色小吃都可以尝一尝","原始评论"
"超王记","超王记","BV1oP6mB4EuX","287575224657","288119210128","2026-01-26 07:31:26","0","无锡市","无锡市","有效推荐","是","明确到店或菜品推荐","回复：熙盛源 味道不错 河寽口方向有一家大耳朵馄饨 量很足 还有很多本地特色菜提供 云岭锡上附近有芦庄超王记 王兴记不是很推荐 不过也可以吃","原始评论"
"超王记","超王记","BV1oP6mB4EuX","288100590960","","2026-01-10 18:25:34","0","无锡市","无锡市","有效推荐","是","明确到店或菜品推荐","up喜欢甜口的话可以试试超王记","原始评论"
"超王记","超王记","BV1oP6mB4EuX","288106006224","288100590960","2026-01-10 19:11:10","0","无锡市","无锡市","有效推荐","是","明确正向用餐体验","超王记的馄饨好吃。小笼做的一般般。","原始评论"
"超王记","超王记","BV1Ue4y1r7QE","132941075632","132574937792","2022-10-08 20:58:51","0","无锡市","无锡市","有效推荐","是","明确正向用餐体验","王兴记的东西说实话还没有超王记好吃","原始评论"
"超王记","超王记","BV1Ue4y1r7QE","139345265872","139306666816","2022-11-27 20:57:23","2","无锡市","无锡市","有效推荐","是","明确正向用餐体验","回复：三凤桥酒楼堂食还是推荐的，虽然说不上多好吃，但是算好吃。王兴记，虽然说不上好吃，但是不难吃，再过几年也要百年老店了（小笼包馄饨，无锡特色的 熙盛源 超王记 笑来喜 都是好吃的），南禅寺么，也就穆桂英了，虽然不算好吃，至少还是无锡味道。其他都是网红店。其他好多无锡味道的饭店都关了。老一辈是推荐 国际饭店和湖滨饭店的，好多年没去吃过了，不知道啥味道。","原始评论"
"陈大嘴包子","陈大嘴包子","BV1Ue4y1r7QE","133067677456","","2022-10-09 22:42:54","0","无锡市","无锡市","有效推荐","是","明确到店或菜品推荐","还有陈大嘴包子也可以去看看","原始评论"
"春笋面馆","春笋面馆","BV1cURwYnEum","257345188752","257342513984","2025-03-09 16:13:37","0","无锡市","无锡市","有效推荐","是","明确正向用餐体验","回复：古香楼的红辣汤味道是真的不错超王记都没得比，还有一个叫春笋面馆的拌面也好吃，不过只有两家评分高的好吃其他店都难吃，一家叙康一家好像是长安","原始评论"
"春笋面馆","春笋面馆","BV1Ue4y1r7QE","134518635008","","2022-10-22 12:18:51","0","无锡市","无锡市","有效推荐","是","明确正向用餐体验","无锡新吴区新安街道的春笋面馆巨好吃[OK]","原始评论"
"大耳朵馄饨","大耳朵馄饨","BV1oP6mB4EuX","287575224657","288119210128","2026-01-26 07:31:26","0","无锡市","无锡市","有效推荐","是","明确到店或菜品推荐","回复：熙盛源 味道不错 河寽口方向有一家大耳朵馄饨 量很足 还有很多本地特色菜提供 云岭锡上附近有芦庄超王记 王兴记不是很推荐 不过也可以吃","原始评论"
"大口没事烤肉","大口没事烤肉","BV1GgXNBiESt","297414596064","","2026-04-01 21:34:00","0","无锡市","无锡市","有效推荐","是","明确正向用餐体验","旁边那家大口没事烤肉比这家好吃，这家很多是炸出来的不是烤的","原始评论"
"鼎福记","鼎福记","BV1cURwYnEum","257518390704","257106071232","2025-03-11 19:55:31","1","无锡市","无锡市","有效推荐","是","明确正向用餐体验","我从小吃到大都是熙盛源…..众口难调但是我永远都喜欢熙盛源[大哭]但我从来没吃过笑来喜 且觉得小笼包的话石皮路的鼎福记最好吃 熙盛源所有馄饨我都超爱[爱心]","原始评论"
"鼎福记","鼎福记","BV1Ue4y1r7QE","133185158768","132607003520","2022-10-10 23:46:52","1","无锡市","无锡市","有效推荐","是","明确正向用餐体验","我觉得鼎福记就很好吃[脱单doge]","原始评论"
"东盛","东盛","BV1PtMF6YECD","305076892001","308141115920","2026-07-06 19:22:07","1","","","有效推荐","是","明确到店或菜品推荐","首选东盛，其次一绪牛new工作日档","原始评论"
"东盛","东盛","BV1PtMF6YECD","305294260705","","2026-07-08 15:00:36","2","","","有效推荐","是","明确到店或菜品推荐","可以去排一下无锡万象城刚开的东盛，工作日午市120一位，也有干式熟成＋先切牛羊肉，还有三文鱼","原始评论"
"东盛","东盛","BV1WrK56AEKj","306478632401","306477894913","2026-07-17 17:12:36","0","无锡市","无锡市","有效推荐","是","明确到店或菜品推荐","回复：像这种美式烤肉自助很好找，美团搜下，如果是综合性的饭店自助可以去湖滨饭店吃，烤肉自助可以去万象城的东盛，还有牛new跟一绪这种，以及自助冷锅鱼的店味道不错","原始评论"
"方桥点心","方桥点心","BV1Nj41177WC","197052765296","","2023-12-03 23:46:44","1","无锡市","无锡市","有效推荐","是","明确正向用餐体验","正宗无锡江阴人，江阴小笼包最好吃的就是方桥点心店，百年老店，值得信赖，16块可以买四只，我们一般都是一笼一买，还有经典的三鲜馄饨，一碗三鲜馄饨，四个小笼包，真的开启了一个美好的早上，不过我个人觉得不是特别甜，可能是吃习惯了，从小就这么吃的[月光猫娘1_欧气满满]","原始评论"
"方桥点心","方桥点心","BV1oP6mB4EuX","288428144480","286254230097","2026-01-13 21:45:50","2","无锡市","无锡市","有效推荐","是","明确正向用餐体验","回复：emm 是在中心城区附近的 好像叫方桥点心店 可好吃了","原始评论"
"福将拉面","福将／福将拉面","BV1GgXNBiESt","296862796272","296860116160","2026-03-27 21:49:26","5","无锡市","无锡市","有效推荐","是","明确到店或菜品推荐","本地菜最基础保险的选择是老牛窝里，最好去他们家老店，体验本地常吃的早面菜饭一类可以去鸡鸭鹅大饭店、丰鼎鸡汤面馆、春笋面馆，南禅寺小吃街现在很同质化了我是不太推荐去的，可以试试海棠糕和梅花糕，就是要注意可能真的很甜顶不住，还想找些小吃可以去稻香菜市场，虽然现在也网红化了还是比较有本地风味的，还有毛华的酸辣汤和玉兰饼顺路的话可以去尝尝，专门去吃不太值吧，穆桂英的糕团还有陆稿荐的酱肉酱排骨不太推荐，因为现在商业化严重基本是纯工业制品，对日料有兴趣可以去找福将拉面，特别的正宗，日本人来吃一口都得直呼家乡的撒库拉开了，如果想尝试本地特有的，最古早的风味，你可以在稻香找个卖汤团的早饭店，要个菜猪油馅的汤团[滑稽]","原始评论"
"福乐馄饨","福乐","BV1cURwYnEum","257106394000","256312554577","2025-03-06 19:45:21","0","无锡市","无锡市","有效推荐","是","明确正向用餐体验","胜利门的福乐好吃啊，我小时候那会觉得太甜不喜欢吃，后来长大了就喜欢吃了，每次吃小笼都是去福乐，其他的我感觉真没福乐好吃，馄饨和小笼都是","原始评论"
"福乐馄饨","福乐／福乐馄饨","BV1cURwYnEum","257110110064","256323682705","2025-03-06 20:33:14","0","无锡市","无锡市","有效推荐","是","明确正向用餐体验","福乐馄饨是真的好吃","原始评论"
"福乐馄饨","福乐／福乐馄饨／福乐馄饨店","BV1cURwYnEum","265342348129","256433564417","2025-06-22 23:48:31","0","无锡市","无锡市","有效推荐","是","明确正向用餐体验","胜利门福乐馄饨店的味道很好","原始评论"
"福乐馄饨","福乐／福乐馄饨","BV1e314YJEFA","245683094065","245737223248","2024-10-31 20:23:01","1","无锡市","无锡市","有效推荐","是","明确正向用餐体验","福乐馄饨尤其是拌馄饨好吃，小笼一般。","原始评论"
"福乐馄饨","福乐／福乐馄饨","BV1e314YJEFA","245737223248","","2024-10-29 09:25:17","52","无锡市","无锡市","有效推荐","是","明确正向用餐体验","我是老无锡人了 无锡真的好吃的苍蝇馆子 在老第四人民医院那边有个福乐馄饨 谁吃谁知道","原始评论"
"福乐馄饨","福乐","BV1oP6mB4EuX","288237179584","288119210128","2026-01-11 21:26:55","0","无锡市","无锡市","有效推荐","是","明确正向用餐体验","回复：熙盛源个人推荐，比福乐好吃[doge]","原始评论"
"福乐馄饨","福乐／福乐馄饨","BV1wi4y1z7oD","204198064368","","2024-01-21 18:35:46","0","无锡市","无锡市","有效推荐","是","明确正向用餐体验","解放西路的福乐馄饨是无锡最好吃的","原始评论"
"福兴","福兴","BV15KSbYKEZS","245585518961","","2024-10-30 16:57:30","2","无锡市","无锡市","有效推荐","是","明确正向用餐体验","到我家了？惠龙新村啊[星星眼]，附近有家福兴酸辣汤也很好吃啊","原始评论"
"功德林","功德林","BV1Ue4y1r7QE","132721810880","","2022-10-07 00:00:38","0","无锡市","无锡市","有效推荐","是","明确正向用餐体验","菜包要吃灵德灵的，甜甜的无锡味。以前功德林的菜包也好吃，现在不行了。","原始评论"
"拱北楼","拱北楼","BV1cURwYnEum","260609234513","","2025-04-29 07:44:28","0","无锡市","无锡市","有效推荐","是","明确到店或菜品推荐","老高下次来无锡可以去试试拱北楼的拌面，一代老无锡人的童年最美好的回忆啊","原始评论"
"古香楼","古香楼","BV1cURwYnEum","257105450112","256312503393","2025-03-06 19:32:53","6","无锡市","无锡市","有效推荐","是","明确正向用餐体验","回复：芦庄超王记也还可以。 我家那儿的古香楼也不错。","原始评论"
"古香楼","古香楼","BV1cURwYnEum","257106424624","","2025-03-06 19:46:33","1","无锡市","无锡市","有效推荐","是","明确正向用餐体验","我觉得古香楼的也不错","原始评论"
"古香楼","古香楼","BV1cURwYnEum","257127933552","257072561280","2025-03-07 00:07:36","1","无锡市","无锡市","有效推荐","是","明确正向用餐体验","跟勤德兴连锁的古香楼也好吃的","原始评论"
"古香楼","古香楼","BV1cURwYnEum","257128772112","257097214080","2025-03-07 00:20:29","0","无锡市","无锡市","有效推荐","是","明确正向用餐体验","勤德兴连锁的古香楼也好吃","原始评论"
"古香楼","古香楼","BV1cURwYnEum","257294746160","257286029296","2025-03-08 23:45:48","0","无锡市","无锡市","有效推荐","是","明确正向用餐体验","古香楼的好吃","原始评论"
"古香楼","古香楼","BV1cURwYnEum","259127016464","257179763249","2025-03-31 00:46:47","0","无锡市","无锡市","有效推荐","是","明确正向用餐体验","回复：古香楼好像有句宣传语：不甜不是正宗无锡小笼！笑死[笑哭]","原始评论"
"海景壹号","海景壹号","BV1vieoz9Eb9","274106367472","274105021728","2025-08-26 20:04:43","0","无锡市","无锡市","有效推荐","是","明确正向用餐体验","回复：海景壹号除了海鲜也很不错的。不点海鲜人均200多也能吃的很好了。","原始评论"
"汉巴味德","汉巴味德","BV1GgXNBiESt","296037177569","","2026-04-13 00:59:49","1","无锡市","无锡市","有效推荐","是","明确正向用餐体验","没吃过美式烤肉，感觉汉巴味德这种百元的巴西烤肉也不错，服务出品环境都比这个要好，尤其有我喜欢的烤牛舌[鼓掌]","原始评论"
"和团团","和团团","BV15KSbYKEZS","245564430785","","2024-10-30 11:38:11","0","无锡市","无锡市","有效推荐","是","明确到店或菜品推荐","我推荐你去和团团吃 我老爱吃了算正宗无锡菜","原始评论"
"和团团","和团团","BV15KSbYKEZS","245990895792","","2024-11-01 10:11:00","0","无锡市","无锡市","有效推荐","是","明确正向用餐体验","无锡本帮菜我吃过的就蠡溪西苑的和团团比较好吃，老牛窝里真不行了","原始评论"
"和团团","和团团","BV1e314YJEFA","245845045888","","2024-10-30 15:36:41","0","无锡市","无锡市","有效推荐","是","明确正向用餐体验","无锡人真的有吃老牛窝里的吗，我觉得和团团好吃","原始评论"
"和团团","和团团","BV1vieoz9Eb9","272667022657","","2025-08-25 19:23:18","41","无锡市","无锡市","有效推荐","是","明确正向用餐体验","来无锡的话吃个店叫 和团团还是很不错的蛮正宗的无锡菜","原始评论"
"和兴记","和兴记","BV1cURwYnEum","257323148432","","2025-03-09 11:31:32","1","无锡市","无锡市","有效推荐","是","明确正向用餐体验","淘宝买了和兴记 也蛮好吃的哈哈但是无锡人说没听过这家店[笑哭][笑哭]","原始评论"
"和兴记","和兴记","BV1cURwYnEum","297356230865","259813529585","2026-04-25 15:52:00","0","无锡市","无锡市","有效推荐","是","明确正向用餐体验","和兴记？我觉得和兴记还蛮好吃的啊[喜极而泣]","原始评论"
"和兴记","和兴记","BV1e314YJEFA","245773150128","","2024-10-29 18:18:50","1","无锡市","无锡市","有效推荐","是","明确到店或菜品推荐","可以去试试和兴记[支持]","原始评论"
"黑叔","黑叔","BV1GgXNBiESt","297013549120","297013538688","2026-03-29 07:45:05","2","无锡市","无锡市","有效推荐","是","明确正向用餐体验","回复：喜欢吃你就吃，没人拦着[呲牙]","原始评论"
"红光面馆","红光面馆","BV1nd4y1u7P8","130450528656","","2022-09-17 23:10:21","0","","","有效推荐","是","明确正向用餐体验","稻香这条街有很多好吃的，德喜楼的面七点前是两块钱一晚，平时是4块钱一晚。后面的稻香楼，他们家的红烧肉一绝。许阿姨鸡蛋饼。红光面馆也不错。那家黄焖鸡也挺好吃的。稻香菜场有一家。鸡子饼半个月做一次，很实惠也不错。菜场里面还有一家做饼的，每天都要排队，有咸的和甜的。","原始评论"
"胡记","胡记","BV15KSbYKEZS","245864884736","245596798497","2024-10-30 19:52:05","0","无锡市","无锡市","有效推荐","是","明确正向用餐体验","回复：本地正宗且好吃的不多目前我只吃到一家君溢面馆,锡胡记馄饨只有滨湖店好吃其他店不太行","原始评论"
"湖滨饭店","湖滨饭店","BV1WrK56AEKj","306478632401","306477894913","2026-07-17 17:12:36","0","无锡市","无锡市","有效推荐","是","明确到店或菜品推荐","回复：像这种美式烤肉自助很好找，美团搜下，如果是综合性的饭店自助可以去湖滨饭店吃，烤肉自助可以去万象城的东盛，还有牛new跟一绪这种，以及自助冷锅鱼的店味道不错","原始评论"
"湖滨饭店","湖滨饭店","BV1Z9NJ6vEPS","308845818832","","2026-07-11 11:34:51","0","","","有效推荐","是","明确正向用餐体验","鸡鸭鹅就是骗外地人的，完全是被网红炒红的😅地道无锡菜 湖滨饭店，平价天福苑","原始评论"
"糊涂生煎","糊涂生煎","BV1QT421C7iV","219907692432","","2024-05-04 22:23:21","3","无锡市","无锡市","有效推荐","是","明确正向用餐体验","糊涂生煎的玉兰饼和生煎包也好吃，当然比这个贵。","原始评论"
"糊涂生煎","糊涂生煎","BV1Ue4y1r7QE","132731162928","132607859008","2022-10-07 01:47:42","6","无锡市","无锡市","有效推荐","是","明确到店或菜品推荐","回复：玉兰饼有个非常规做法的，糊涂生煎的我推荐，我觉得比传统的好吃","原始评论"
"金霸王猪蹄","金霸王猪蹄","BV1Ue4y1r7QE","134123620512","","2022-10-19 00:44:00","121","无锡市","无锡市","有效推荐","是","明确正向用餐体验","我在无锡几年了，无锡物价不低的，而且整体工资不高。我年收14左右，已经算无锡收入比较高的了。我住南禅寺附近，老小区小户型30坪左右1200每月。盛世源无锡连锁店，虾子面一半馄饨一半面11元，纯开洋馄饨13元，开洋就是大点的虾米。无锡小笼包就是甜的，甜通鲜，芦庄超王记最甜了，盛世源还可以。南禅寺就不要去了，千遍一律的小食街。就金霸王猪蹄最好吃了。up主吃的梅花糕的店，往二院方向走，还有一家，味道更好。蔡阿婆鸡子大饼，挺好吃的，就太油了。我就二院工作哈，看到up的视频，奇奇怪怪的感觉！","原始评论"
"聚丰园","聚丰园","BV15KSbYKEZS","245629044497","245564329921","2024-10-31 03:46:31","0","无锡市","无锡市","有效推荐","是","明确到店或菜品推荐","点菜的话可以去聚丰园或者三凤桥，穆桂英也行","原始评论"
"君溢面馆","君溢面馆","BV15KSbYKEZS","245854584720","245853886832","2024-10-30 17:54:36","0","无锡市","无锡市","有效推荐","是","明确正向用餐体验","回复：有些鑫震源贴着熙盛源开人家店里就是满员，要正宗好吃的我目前只吃过一个君溢面馆算特别正宗且比较好吃","原始评论"
"君溢面馆","君溢面馆","BV15KSbYKEZS","245864884736","245596798497","2024-10-30 19:52:05","0","无锡市","无锡市","有效推荐","是","明确正向用餐体验","回复：本地正宗且好吃的不多目前我只吃到一家君溢面馆,锡胡记馄饨只有滨湖店好吃其他店不太行","原始评论"
"君溢面馆","君溢面馆","BV1KbygBJELh","281079868737","280965895361","2025-11-19 23:23:51","1","","","有效推荐","是","明确正向用餐体验","同新吴区，君溢面馆超级好吃","原始评论"
"老法头","老法头","BV1ti421i77i","226473175280","226463047536","2024-06-15 18:53:05","1","无锡市","无锡市","有效推荐","是","明确正向用餐体验","回复：菜阿婆那家不好吃，老法头对面在那个生煎包旁边的那个好吃得多","原始评论"
"老法头","老法头","BV1Ue4y1r7QE","132852948432","","2022-10-08 00:52:06","0","无锡市","无锡市","有效推荐","是","明确正向用餐体验","梅花糕还是新生路那家老法头梅花糕好吃 排队的人很多","原始评论"
"老老头馄饨","老老头馄饨","BV15KSbYKEZS","245883400624","","2024-10-30 23:18:53","3","无锡市","无锡市","有效推荐","是","明确到店或菜品推荐","哈哈，对面驾照学A1这里常去吃，还可以去民干路的老老头馄饨，以前就开这家店旁边人家后门","原始评论"
"老牛窝里","老牛窝里","BV1e314YJEFA","245411191649","","2024-10-28 11:51:35","99","无锡市","无锡市","有效推荐","是","明确正向用餐体验","无锡本地人，印象中除了老牛窝里以外好像没吃到过比较好吃的炒菜馆了","原始评论"
"老牛窝里","老牛窝里","BV1e314YJEFA","245451012929","","2024-10-28 21:46:42","0","无锡市","无锡市","有效推荐","是","明确正向用餐体验","是无锡本地人这家老牛窝里最正宗也是无锡第一家无锡的本帮菜比较甜","原始评论"
"老牛窝里","老牛窝里","BV1e314YJEFA","245477350801","245467308449","2024-10-29 09:14:24","1","无锡市","无锡市","有效推荐","是","明确正向用餐体验","老牛窝里的那个凉拌百叶丝我感觉好吃[doge]","原始评论"
"老牛窝里","老牛窝里","BV1e314YJEFA","245489062897","","2024-10-29 12:24:26","2","无锡市","无锡市","有效推荐","是","明确正向用餐体验","老牛窝里刚开始还挺好吃的，然后店越开越多以后就开始糊弄人了","原始评论"
"老牛窝里","老牛窝里","BV1e314YJEFA","245498552161","","2024-10-29 14:47:04","0","无锡市","无锡市","有效推荐","是","明确正向用餐体验","老牛窝里好吃","原始评论"
"老牛窝里","老牛窝里","BV1e314YJEFA","245728263328","245666093200","2024-10-29 03:11:04","0","无锡市","无锡市","有效推荐","是","明确正向用餐体验","老牛窝里早就没有以前好吃了","原始评论"
"老牛窝里","老牛窝里","BV1e314YJEFA","245748793200","","2024-10-29 12:23:22","203","无锡市","无锡市","有效推荐","是","明确正向用餐体验","看片头这不是老牛窝里吗？老牛窝里不可能说的这么差的，而且这点的也都是老牛窝里的招牌菜，虽然我老店有十年没去吃了，但新店我是一直去吃的，我不太相信新店和老店有多少区别都是一家师傅出来的，不然我不太相信这个视频的真实性，尤其是筒肠，老牛窝里的筒肠是最好吃的筒肠，弹压紧实有肥肠特殊的油香却没一点苦味，我吃过人均800的本帮菜里筒肠都有点苦味的","原始评论"
"老牛窝里","老牛窝里","BV1e314YJEFA","245755106960","245748793200","2024-10-29 13:44:16","5","无锡市","无锡市","有效推荐","是","明确正向用餐体验","老牛窝里刚开那会觉得挺好吃的，后来食材给我的感觉一年不如一年，而且甜到我这个吃糖长大的无锡人都受不了了","原始评论"
"老牛窝里","老牛窝里","BV1e314YJEFA","245780644464","245517953793","2024-10-29 19:46:34","1","无锡市","无锡市","有效推荐","是","明确正向用餐体验","回复：老牛窝里是我吃过的最好吃的本帮菜馆，没有之一","原始评论"
"老牛窝里","老牛窝里","BV1e314YJEFA","245978426000","245411191649","2024-11-01 02:34:47","0","无锡市","无锡市","有效推荐","是","明确正向用餐体验","老牛窝里好吃张卵，和草棚棚一起并列无锡网红店cjb吧","原始评论"
"老牛窝里","老牛窝里","BV1e314YJEFA","245979556000","245748793200","2024-11-01 03:27:29","2","无锡市","无锡市","有效推荐","是","明确正向用餐体验","真有人觉得现在的老牛窝里好吃么，现在无锡真正符合食品安全的馆子真不多了","原始评论"
"老牛窝里","老牛窝里","BV1e314YJEFA","249377138528","","2024-12-11 10:01:44","1","无锡市","无锡市","有效推荐","是","明确到店或菜品推荐","就凭这个视频，必须当铁粉，Up全是真话，老牛窝里上必吃榜感觉是个笑话","原始评论"
"老牛窝里","老牛窝里","BV1Nj41177WC","197464415312","195832464896","2023-12-07 00:03:40","0","无锡市","无锡市","有效推荐","是","明确正向用餐体验","回复：老牛窝里算是正宗无锡菜，很多老无锡去吃的。新无锡人不一定吃得惯","原始评论"
"老牛窝里","老牛窝里","BV1Ue4y1r7QE","134221418880","134133837664","2022-10-19 22:15:27","1","无锡市","无锡市","有效推荐","是","明确正向用餐体验","回复：其实杭州的东坡肉还是有点甜味的，但是醋鱼是真的不好吃！我上次去无锡吃的老牛窝里的腐乳汁肉是真的好吃！还有我爸不知道去哪买来的冻起来的甜酒酿！第一次吃冻起来的甜酒酿，出乎意料的好吃！好想吃┭┮﹏┭┮。还有无锡的肉包也好吃！一般人吃不了的那个很甜很甜的菜包，我吃起来还行。","原始评论"
"老牛窝里","老牛窝里","BV1w1Q7YoEvz","308838042560","257713662720","2026-07-11 10:26:27","0","无锡市","无锡市","有效推荐","是","明确正向用餐体验","老牛窝里（本店）才好吃，感觉开的分店都不咋样，还有银丝面也好吃，穆桂英感觉这几年不好吃了","原始评论"
"老牛窝里","老牛窝里","BV1Z9NJ6vEPS","305710387313","308772686512","2026-07-11 19:31:06","0","","","有效推荐","是","明确正向用餐体验","感觉鸡鸭鹅还没老牛窝里好吃","原始评论"
"老友记","惠龙新村老友记／老友记","BV15KSbYKEZS","245886493056","","2024-10-30 23:55:34","0","无锡市","无锡市","有效推荐","是","明确正向用餐体验","惠龙新村老友记 是好吃的 老店了 但以前他家最好吃的其实是梅花糕 真正的从小吃到大 很好吃 现在好像是不做了","原始评论"
"老友记","老友记","BV1vieoz9Eb9","273985700432","272670042833","2025-08-25 20:00:16","18","无锡市","无锡市","有效推荐","是","明确到店或菜品推荐","南长街和小娄巷都有店，但是本地人真心劝你不要去吃，真的没有那么好吃，你想吃正宗无锡本帮菜，你就去三凤桥大排档，苍蝇小馆或者面馆啥的你可以去吃老友记","原始评论"
"李巷夜宵","李巷夜宵","BV1e314YJEFA","245465850961","","2024-10-29 01:07:01","0","无锡市","无锡市","有效推荐","是","明确正向用餐体验","去吃李巷夜宵 好吃！苍蝇馆子","原始评论"
"陆稿荐","陆稿荐","BV1Nj41177WC","195575760064","","2023-11-23 11:54:45","0","无锡市","无锡市","有效推荐","是","明确正向用餐体验","三凤桥排骨好吃，每年都会网上买真空的，可惜比三凤酒家吃还是差了不少，脆鳝好吃。陆稿荐也不错。","原始评论"
"陆稿荐","陆稿荐","BV1Nj41177WC","195626604960","","2023-11-23 18:54:16","0","无锡市","无锡市","有效推荐","是","明确正向用餐体验","其实还行，觉得 至少我去玩的时候，买了一堆陆稿荐觉得还挺好吃的","原始评论"
"陆稿荐","陆稿荐","BV1Ue4y1r7QE","134218010912","133342146112","2022-10-19 21:48:28","1","无锡市","无锡市","有效推荐","是","明确正向用餐体验","回复：三凤桥的不好吃，还是陆稿荐的好吃。","原始评论"
"毛华美食","毛华","BV14M4y187sh","162738027408","162712479472","2023-04-28 08:53:13","0","无锡市","无锡市","有效推荐","是","明确正向用餐体验","人家说常盛香的比毛华的好吃所以我就没去吃毛华，哈哈哈哈，只能等明年再去无锡的时候尝尝了","原始评论"
"毛华美食","毛华","BV14M4y187sh","163032106720","163016355024","2023-04-30 10:11:00","0","无锡市","无锡市","有效推荐","是","明确正向用餐体验","回复：反正我爹妈和我都喜欢吃毛华的玉兰饼，而且你无论早上还是中午去毛华看都会发现人很多[doge]","原始评论"
"毛华美食","毛华","BV1cURwYnEum","256501748721","256323682705","2025-03-08 18:45:02","0","无锡市","无锡市","有效推荐","是","明确正向用餐体验","毛华的酸辣汤和菜猪油的玉兰饼很好吃呀！","原始评论"
"毛华美食","毛华","BV1cURwYnEum","256580473601","257256074880","2025-03-09 17:16:00","0","无锡市","无锡市","有效推荐","是","明确正向用餐体验","回复：毛华只有以前在那个破菜场门口的才正宗。那个时候的生煎都跟现在长得不一样。","原始评论"
"毛华美食","毛华","BV1cURwYnEum","256711958897","","2025-03-11 12:00:17","1","无锡市","无锡市","有效推荐","是","明确正向用餐体验","作为本地人的我，三凤桥我只买梅汁翅中，从不买酱排骨，也不推荐外地亲戚或朋友买，一般都是买小笼馒头送人。然后更喜欢吃毛华的酸辣汤和生煎。小笼馒头我更偏向于找那种老新村开了几十年的店，都不会差。馄饨小时候一直吃小馄饨（尤其是那种推着车在路上卖的），大馄饨我不怎么吃外面店里的，家里包的荠菜馄饨我会吃，隔夜了炸一下超好吃。对了，菜猪油我也吃不消[doge]","原始评论"
"毛华美食","毛华","BV1GgXNBiESt","296862796272","296860116160","2026-03-27 21:49:26","5","无锡市","无锡市","有效推荐","是","明确到店或菜品推荐","本地菜最基础保险的选择是老牛窝里，最好去他们家老店，体验本地常吃的早面菜饭一类可以去鸡鸭鹅大饭店、丰鼎鸡汤面馆、春笋面馆，南禅寺小吃街现在很同质化了我是不太推荐去的，可以试试海棠糕和梅花糕，就是要注意可能真的很甜顶不住，还想找些小吃可以去稻香菜市场，虽然现在也网红化了还是比较有本地风味的，还有毛华的酸辣汤和玉兰饼顺路的话可以去尝尝，专门去吃不太值吧，穆桂英的糕团还有陆稿荐的酱肉酱排骨不太推荐，因为现在商业化严重基本是纯工业制品，对日料有兴趣可以去找福将拉面，特别的正宗，日本人来吃一口都得直呼家乡的撒库拉开了，如果想尝试本地特有的，最古早的风味，你可以在稻香找个卖汤团的早饭店，要个菜猪油馅的汤团[滑稽]","原始评论"
"毛华美食","毛华","BV1KbygBJELh","282864491328","282856542752","2025-11-19 00:24:40","2","","","有效推荐","是","明确正向用餐体验","还是在老菜场的毛华好吃，那种软的金黄的刚出锅的玉兰饼，吃过就忘不了。现在菜场拆了，毛华搬出来以后就没有那么好吃了，玉兰饼说实话也是预制的。太可惜了。","原始评论"
"毛华美食","毛华","BV1Nj41177WC","195502872432","","2023-11-22 20:58:13","1","无锡市","无锡市","有效推荐","是","明确到店或菜品推荐","艾米饭来无锡了诶 可以去吃去吃毛华的玉兰饼诶","原始评论"
"毛华美食","毛华","BV1Nj41177WC","195720677840","","2023-11-24 12:46:33","0","无锡市","无锡市","有效推荐","是","明确正向用餐体验","作为超能吃辣的南昌人来表白无锡菜，毛华的玉兰饼和三凤桥的排骨真的是太好吃了！各种多元化的口味只要好吃都喜欢，一视同仁的喜欢。","原始评论"
"毛华美食","毛华／毛华美食","BV1Nj41177WC","197465563920","195555031696","2023-12-07 00:13:38","0","无锡市","无锡市","有效推荐","是","明确正向用餐体验","喜欢吃小笼就熙盛源，喜欢吃馄饨淼品香，喜欢吃酸辣汤和玉兰饼就毛华美食，喜欢吃面可以试试惠山古镇里的那家银丝面，喜欢糕点就去崇安寺的鲍师傅，想尝试老无锡菜就去南长街的老牛窝里，最后还有酱排骨的话，有好几家店，懒得找的话就去三凤桥。","原始评论"
"毛华美食","毛华","BV1otyHYuE1S","245169241937","244982893329","2024-10-25 10:50:41","1","","","有效推荐","是","明确正向用餐体验","天福苑的比毛华好吃","原始评论"
"毛华美食","毛华","BV1otyHYuE1S","245233311264","","2024-10-22 21:45:12","1","","","有效推荐","是","明确正向用餐体验","毛华酸辣汤也很好吃哒[打call]","原始评论"
"毛华美食","毛华","BV1otyHYuE1S","247377593216","","2024-11-17 20:47:41","0","","","有效推荐","是","明确正向用餐体验","毛华的玉兰饼还是店在振兴路上的时候好吃","原始评论"
"毛华美食","毛华","BV1QT421C7iV","219609125216","","2024-05-03 01:52:02","8","无锡市","无锡市","有效推荐","是","明确正向用餐体验","毛华哇 确实好吃 每周都来[打call]","原始评论"
"毛华美食","毛华","BV1QT421C7iV","220226938400","","2024-05-06 23:12:51","0","无锡市","无锡市","有效推荐","是","明确正向用餐体验","毛华的玉兰饼真的好吃","原始评论"
"毛华美食","毛华","BV1QT421C7iV","221183137120","","2024-05-13 05:00:37","0","无锡市","无锡市","有效推荐","是","明确正向用餐体验","[脱单doge]无锡本地人路过 毛华只能说 没有以前好吃了 生煎玉兰饼早就不是振兴菜场的那种味道造型了","原始评论"
"毛华美食","毛华","BV1QT421C7iV","242542222096","237449064528","2024-09-18 18:05:59","1","无锡市","无锡市","有效推荐","是","明确重复到店行为","回复：我土生土长无锡人，玉兰饼是我的最爱，每次去毛华一个人要吃保底4个+拌馄饨一碗","原始评论"
"毛华美食","毛华","BV1sE411h7DD","2064605551","","2019-10-29 07:17:50","0","无锡市","无锡市","有效推荐","是","明确正向用餐体验","天福苑和毛华风玉兰饼最好吃！！！","原始评论"
"毛华美食","毛华","BV1sE411h7DD","3566959606","","2020-10-05 20:02:32","0","无锡市","无锡市","有效推荐","是","明确正向用餐体验","玉兰饼最好吃应该就是天福苑和毛华，两种不太一样的风格！","原始评论"
"毛华美食","毛华","BV1ti421i77i","227811699216","","2024-06-23 21:20:37","1","无锡市","无锡市","有效推荐","是","明确正向用餐体验","玉兰饼，生煎馒头还是毛华店好吃","原始评论"
"毛华美食","毛华","BV1Ue4y1r7QE","132707502416","132607003520","2022-10-06 22:15:15","0","无锡市","无锡市","有效推荐","是","明确正向用餐体验","毛华的玉兰饼要是不正宗那无锡就没正宗玉兰饼了 顺带一提 毛华的酸辣汤才是无锡老式酸辣汤 风雷砂锅酸辣汤反而是最近十来年兴起的","原始评论"
"毛华美食","毛华","BV1Ue4y1r7QE","132710159904","","2022-10-06 22:35:10","1","无锡市","无锡市","有效推荐","是","明确正向用餐体验","毛华只有生煎好吃，不吹不黑就只有生煎，酸辣汤都不正宗，那种砂锅酸辣汤才好吃，作为生在风雷的有幸从小吃的都是巅峰时期的风雷酸辣汤，后面的都是假的，最正宗的是以前一个老奶奶做的，可惜后来不做了就被其他人借名开了","原始评论"
"毛华美食","毛华","BV1Ue4y1r7QE","132726061216","","2022-10-07 00:40:42","0","无锡市","无锡市","有效推荐","是","明确正向用餐体验","强推圆圆包子和梅花糕。第三个没吃过不评价。毛华感觉没以前好吃了","原始评论"
"毛华美食","毛华","BV1Ue4y1r7QE","132832574336","","2022-10-07 22:02:10","0","无锡市","无锡市","有效推荐","是","明确正向用餐体验","还有很多好吃的,毛华已经没以前好吃了。下次找人带你去吃。","原始评论"
"毛华美食","毛华","BV1Ue4y1r7QE","132978350432","132842517520","2022-10-09 05:20:41","1","无锡市","无锡市","有效推荐","是","明确正向用餐体验","有一说一，天福苑的玉兰饼比清扬毛华好吃，振新路毛华才可以一战[呲牙]","原始评论"
"毛华美食","毛华","BV1Ue4y1r7QE","133160734160","132607003520","2022-10-10 20:21:35","1","无锡市","无锡市","有效推荐","是","明确正向用餐体验","中医院对面的阿辉玉兰饼比毛华好吃","原始评论"
"毛华美食","毛华","BV1Ue4y1r7QE","133180865840","132842517520","2022-10-10 23:11:03","0","无锡市","无锡市","有效推荐","是","明确正向用餐体验","刷了前面那么多评论，总算看到个识货的网友了，说毛华好吃的，基本都是只会刷大众点评的外行，天福苑的玉兰饼，那是玉兰饼界的劳斯莱斯！","原始评论"
"毛华美食","毛华","BV1Ue4y1r7QE","134290924592","132609753040","2022-10-20 15:07:20","0","无锡市","无锡市","有效推荐","是","明确正向用餐体验","无锡的肉酿面筋，太湖三白，吃正宗无锡酱排骨去三凤桥，吃小吃去曹张，好吃的玉兰饼在毛华，去惠山买惠山油酥一家朱顺兴的店，小笼包天花板是熙盛源","原始评论"
"毛华美食","毛华","BV1Ue4y1r7QE","134547379024","132842517520","2022-10-22 16:39:39","1","无锡市","无锡市","有效推荐","是","明确正向用餐体验","毛华的我觉得也就生煎跟糖芋头好吃了，现在家乐福对面那个清扬毛华感觉酒酿圆子做特别稠，就疾控中心（人民医院旁边）隔条马路那个毛华的酒酿圆子还有以前的味道，可惜其实老体育场旁边以前有家菜场，里面那个毛华的玉兰饼做的感觉比清扬路的好，清扬路跟永丰路交叉口家乐福对面的玉兰饼皮太厚了","原始评论"
"美华楼面馆","美华楼","BV1nd4y1u7P8","130217358784","","2022-09-16 01:05:24","0","","","有效推荐","是","明确正向用餐体验","县前西街那边的美华楼正儿八经好吃 料头也好","原始评论"
"淼品香","淼品香","BV1cURwYnEum","256596829185","257072561280","2025-03-09 20:46:49","1","无锡市","无锡市","有效推荐","是","明确正向用餐体验","淼品香也不错 配上酸辣汤很好吃","原始评论"
"淼品香","淼品香","BV1cURwYnEum","258032487488","","2025-03-17 22:08:29","0","无锡市","无锡市","有效推荐","是","明确正向用餐体验","作为土著甜都人，是小笼包不是汤包？叫糖包也就将就了，从小就吃 槐古桥小笼包长大，读书时吃的最多的福乐馄饨的小笼包，陈大嘴的也不错，可惜这些关了没落了。最近几年锡笼记，运作的最好，淼品香的也不错。还是那句话，不甜不能吃来无锡干嘛？难道去重庆嫌弃辣，就不吃火锅了？一方水土养一方人，况且以前只有富庶之地的有钱人家才能吃到糖。","原始评论"
"淼品香","淼品香","BV1cURwYnEum","259255776625","256312554577","2025-04-11 20:38:35","0","无锡市","无锡市","有效推荐","是","明确正向用餐体验","淼品香和锡笼记的正宗好吃，都是皮薄肉紧实的","原始评论"
"淼品香","淼品香","BV1Nj41177WC","195718799696","","2023-11-24 12:33:37","1","无锡市","无锡市","有效推荐","是","明确重复到店行为","哪有那么甜啊，淼品香也常去吃，没觉得多甜啊","原始评论"
"淼品香","淼品香","BV1Nj41177WC","197465563920","195555031696","2023-12-07 00:13:38","0","无锡市","无锡市","有效推荐","是","明确正向用餐体验","喜欢吃小笼就熙盛源，喜欢吃馄饨淼品香，喜欢吃酸辣汤和玉兰饼就毛华美食，喜欢吃面可以试试惠山古镇里的那家银丝面，喜欢糕点就去崇安寺的鲍师傅，想尝试老无锡菜就去南长街的老牛窝里，最后还有酱排骨的话，有好几家店，懒得找的话就去三凤桥。","原始评论"
"敏红馄饨","敏红馄钝","BV1wi4y1z7oD","203820551216","","2024-01-19 11:00:03","0","无锡市","无锡市","有效推荐","是","明确到店或菜品推荐","没这么好吃的,可以去敏红馄钝和小笼吃一吃.","原始评论"
"穆桂英美食","穆桂英","BV1Nj41177WC","202556708720","195803802928","2024-01-10 17:50:08","3","无锡市","无锡市","有效推荐","是","明确正向用餐体验","穆桂英就很久以前老店开在南禅寺门口的时候好吃，自从搬到书城那边之后质量越来越差[笑哭]","原始评论"
"穆桂英美食","穆桂英","BV1ti421i77i","231049244592","226460235152","2024-07-12 17:17:08","0","无锡市","无锡市","有效推荐","是","明确正向用餐体验","鸡子大饼比较正宗的在穆桂英","原始评论"
"穆桂英美食","穆桂英／穆桂英美食","BV1Ue4y1r7QE","132566257552","","2022-10-05 20:33:23","5","无锡市","无锡市","有效推荐","是","明确正向用餐体验","两年前去的无锡 他们的穆桂英美食 三凤桥排骨和熙盛源不错 很地道的无锡美食但是会偏甜 他们什么菜都要加很多很多白砂糖！ 不知道丹牛吃不吃的惯 我都吃过 这些小众美食我没有尝试过下次会来看看","原始评论"
"穆桂英美食","穆桂英／穆桂英美食","BV1Ue4y1r7QE","132583530384","","2022-10-05 22:40:22","0","无锡市","无锡市","有效推荐","是","明确到店或菜品推荐；明确正向用餐体验","包子我们都是买家附近的鸿运大包，也很好吃，但要注意有的店是假的。市中心穆桂英对面有家包子铺也很好吃，以前还可以去吃穆桂英美食，可惜市中心的倒闭了","原始评论"
"穆桂英美食","穆桂英","BV1Ue4y1r7QE","133510571344","","2022-10-13 22:54:16","1","无锡市","无锡市","有效推荐","是","明确正向用餐体验","下次一定要去吃毛华的酸辣汤和玉兰饼，看起来比穆桂英的好吃，感觉糊涂生煎的酸辣汤也不好吃，胡椒粉太多，料也少","原始评论"
"牛New","牛new","BV1GgXNBiESt","294338372977","294338225409","2026-03-27 21:38:26","1","无锡市","无锡市","有效推荐","是","明确正向用餐体验","回复：上海牛new好吃。 现在抖音上无锡饭店探店广告多的坚决不能去","原始评论"
"牛New","牛new","BV1GgXNBiESt","294430144273","296867670608","2026-03-28 19:16:17","0","无锡市","无锡市","有效推荐","是","明确到店或菜品推荐","推荐去牛new","原始评论"
"胖妹饭店","胖妹饭店","BV15KSbYKEZS","245564329921","","2024-10-30 11:35:05","0","无锡市","无锡市","有效推荐","是","明确正向用餐体验","有没有无锡人说下胖妹饭店和怡红园哪个好吃[doge]，下个月去旅游准备找一家吃下看看","原始评论"
"柒拾陆号人家","柒拾陆号人家","BV1e314YJEFA","245803863568","","2024-10-30 00:22:35","1","无锡市","无锡市","有效推荐","是","明确到店或菜品推荐","我推荐一个沁扬路“柒拾陆号人家”都是现炒菜，算是老店了我经常和同事去吃，“弄堂口”好久没有去吃了不知道初心有没有变，年轻一点的餐饮店而且真材实料做的可以去稻香路的“锡来缘”看看。最后，离三凤桥、南长街、南禅寺远一点[吃瓜]","原始评论"
"柒爷","柒爷","BV1Z9NJ6vEPS","305716527329","","2026-07-11 20:20:11","0","","","有效推荐","是","明确到店或菜品推荐","怎么一堆浇头呀，酱油汤也能算菜的呀，而且这些菜两个我就能吃完[大哭]，但100块在无锡找柒爷啥的可以吃还可以的牛羊肉自助了呀。","原始评论"
"勤德兴","勤德兴","BV1cURwYnEum","256313082033","257072561280","2025-03-06 11:46:40","10","无锡市","无锡市","有效推荐","是","明确正向用餐体验","锡盛源不好吃，勤德兴好吃服务环境也好但是以前馄饨大做了活动促销以后越小越小","原始评论"
"勤德兴","勤德兴","BV1cURwYnEum","257075809520","","2025-03-06 12:19:54","0","无锡市","无锡市","有效推荐","是","明确正向用餐体验","勤德兴好吃","原始评论"
"勤德兴","勤德兴","BV1cURwYnEum","257127933552","257072561280","2025-03-07 00:07:36","1","无锡市","无锡市","有效推荐","是","明确正向用餐体验","跟勤德兴连锁的古香楼也好吃的","原始评论"
"勤德兴","勤德兴","BV1cURwYnEum","257128772112","257097214080","2025-03-07 00:20:29","0","无锡市","无锡市","有效推荐","是","明确正向用餐体验","勤德兴连锁的古香楼也好吃","原始评论"
"勤德兴","勤德兴","BV1cURwYnEum","257134274640","256312554577","2025-03-07 02:14:18","0","无锡市","无锡市","有效推荐","是","明确正向用餐体验","勤德兴真的蛮好吃","原始评论"
"勤德兴","勤德兴","BV1e314YJEFA","245492004497","245666093200","2024-10-29 12:59:51","0","无锡市","无锡市","有效推荐","是","明确到店或菜品推荐","勤德兴的小笼包强烈推荐一下，特别好吃，是除了老街以外我觉得最好吃的了","原始评论"
"勤德兴","勤德兴","BV1e314YJEFA","245907672528","245782734576","2024-10-31 10:21:54","2","无锡市","无锡市","有效推荐","是","明确正向用餐体验","回复：[滑稽]，之前看见王兴记，网上差评太多没敢去吃，很多人推荐芦庄超王记，我也觉得不好吃。勤德兴和锡吴楼的小笼包我觉得很好吃，无锡本地人小笼包爱吃哪家？","原始评论"
"人可包子铺","人可包子／人可包子铺","BV1Ue4y1r7QE","135696809472","","2022-10-31 16:52:16","1","无锡市","无锡市","有效推荐","是","明确正向用餐体验","我喜欢吃人可包子铺","原始评论"
"三凤桥","三凤桥","BV14M4y187sh","165768282016","","2023-05-18 14:02:30","0","无锡市","无锡市","有效推荐","是","明确正向用餐体验","三凤桥的东西也很好吃 很符合无锡本地人的口味[doge]","原始评论"
"三凤桥","三凤桥","BV15KSbYKEZS","245629044497","245564329921","2024-10-31 03:46:31","0","无锡市","无锡市","有效推荐","是","明确到店或菜品推荐","点菜的话可以去聚丰园或者三凤桥，穆桂英也行","原始评论"
"三凤桥","三凤桥","BV1cURwYnEum","256337488113","","2025-03-06 18:08:32","1","无锡市","无锡市","有效推荐","是","明确正向用餐体验","熙盛源是我吃过最多次的，没有那么夸张的甜。另外无锡的秦园和三凤桥的包子也不错。如果要顺便吃排骨就直接去三凤桥。","原始评论"
"三凤桥","三凤桥","BV1cURwYnEum","257408704128","","2025-03-10 12:20:15","1","无锡市","无锡市","有效推荐","是","明确正向用餐体验","去年在我对象的（无锡本地人）的带领下吃了熙盛源的小笼，吃了毛华的肉汤圆还有玉兰饼好像还有类似胡辣汤的东西（不太有印象）。 我一直有个疑问，玉兰饼是不是炸肉汤圆啊，吃起来味道很像。 对了还在小峰吃了菜饭和响油鳝糊，菜饭香香的好好吃，鳝糊没刺好吃。三凤桥排骨好吃，醉蟹好吃[星星眼][星星眼][星星眼][星星眼] 还吃了鲜肉月饼，鲜肉月饼也好吃，仙品[星星眼][星星眼][星星眼][星星眼]","原始评论"
"三凤桥","三凤桥","BV1KbygBJELh","282858751040","282844418096","2025-11-18 23:14:36","5","","","有效推荐","是","明确正向用餐体验","是的，开洋拌馄饨，小笼包，三凤桥蹄髈，三凤桥红烧肉都很好吃[滑稽] 当然这些都蛮甜的，外地人不一定爱吃，本地人也可能有不爱吃的，我很爱吃[喜欢]","原始评论"
"三凤桥","三凤桥","BV1nd4y1u7P8","137249625168","130506126096","2022-11-12 16:35:40","0","","","有效推荐","是","明确正向用餐体验","三凤桥所有品种都好吃","原始评论"
"三凤桥","三凤桥","BV1Nj41177WC","195501726896","","2023-11-22 20:49:55","0","无锡市","无锡市","有效推荐","是","明确正向用餐体验","三凤桥的油爆虾挺好吃的[doge]之前总点点吃，虽然很甜但是很香","原始评论"
"三凤桥","三凤桥","BV1Nj41177WC","195575760064","","2023-11-23 11:54:45","0","无锡市","无锡市","有效推荐","是","明确正向用餐体验","三凤桥排骨好吃，每年都会网上买真空的，可惜比三凤酒家吃还是差了不少，脆鳝好吃。陆稿荐也不错。","原始评论"
"三凤桥","三凤桥","BV1Nj41177WC","195720677840","","2023-11-24 12:46:33","0","无锡市","无锡市","有效推荐","是","明确正向用餐体验","作为超能吃辣的南昌人来表白无锡菜，毛华的玉兰饼和三凤桥的排骨真的是太好吃了！各种多元化的口味只要好吃都喜欢，一视同仁的喜欢。","原始评论"
"三凤桥","三凤桥","BV1Nj41177WC","195901286368","195698530288","2023-11-25 18:20:02","2","无锡市","无锡市","有效推荐","是","明确正向用餐体验","回复： ？？？？三凤桥应该是几个里面最甜的了 我朋友就喜欢吃 让我给他带 每次我都和他说小心糖尿病","原始评论"
"三凤桥","三凤桥","BV1Nj41177WC","195976981440","195901286368","2023-11-26 09:04:25","0","无锡市","无锡市","有效推荐","是","明确正向用餐体验","回复：没有啊，三凤桥真的很好吃，一点也不腻，上周刚去吃过，他们家酱排骨真的绝了","原始评论"
"三凤桥","三凤桥","BV1Nj41177WC","196020041696","195976981440","2023-11-26 15:01:04","1","无锡市","无锡市","有效推荐","是","明确正向用餐体验","回复：我还很喜欢吃三凤桥的那个鸡翅，巨好吃[保卫萝卜_哇]","原始评论"
"三凤桥","三凤桥","BV1Nj41177WC","198001013504","","2023-12-10 16:47:42","0","无锡市","无锡市","有效推荐","是","明确正向用餐体验","我喜欢吃甜的，小时候去三爷爷家最喜欢吃三凤桥排骨，但后来脸上长囊肿痘痘医生不让吃太多甜食[笑哭]","原始评论"
"三凤桥","三凤桥","BV1Ue4y1r7QE","132566257552","","2022-10-05 20:33:23","5","无锡市","无锡市","有效推荐","是","明确正向用餐体验","两年前去的无锡 他们的穆桂英美食 三凤桥排骨和熙盛源不错 很地道的无锡美食但是会偏甜 他们什么菜都要加很多很多白砂糖！ 不知道丹牛吃不吃的惯 我都吃过 这些小众美食我没有尝试过下次会来看看","原始评论"
"三凤桥","三凤桥","BV1Ue4y1r7QE","132641354704","132559487456","2022-10-06 12:51:29","0","无锡市","无锡市","有效推荐","是","明确正向用餐体验","三凤桥我喜欢吃元宝鸭","原始评论"
"三凤桥","三凤桥","BV1Ue4y1r7QE","133342146112","132607003520","2022-10-12 13:42:12","1","无锡市","无锡市","有效推荐","是","明确正向用餐体验","确实，吃无锡美食最好找个当地的带一下，不然真的容易踩坑，吃不到最正宗的，而且现在比以前的改了很多，有的也没以前的老味道了，太过商业化了。还有吃肉还得是三凤桥的正宗无锡排骨啊，地道无锡特产。","原始评论"
"三凤桥","三凤桥","BV1Ue4y1r7QE","134290924592","132609753040","2022-10-20 15:07:20","0","无锡市","无锡市","有效推荐","是","明确正向用餐体验","无锡的肉酿面筋，太湖三白，吃正宗无锡酱排骨去三凤桥，吃小吃去曹张，好吃的玉兰饼在毛华，去惠山买惠山油酥一家朱顺兴的店，小笼包天花板是熙盛源","原始评论"
"三凤桥","三凤桥","BV1Ue4y1r7QE","134552452640","132559487456","2022-10-22 17:23:49","0","无锡市","无锡市","有效推荐","是","明确正向用餐体验","三凤桥我感觉没家里烧的好吃，要感受无锡菜是什么味道的朋友可以买来尝尝，","原始评论"
"三凤桥","三凤桥／三凤桥客堂","BV1vieoz9Eb9","273043083921","273042851265","2025-08-28 22:02:00","0","无锡市","无锡市","仅提及／有效推荐","是","明确正向用餐体验；只有店名提及，缺少推荐语义","回复：我说的是三凤桥客堂间吃炒菜的，三凤桥的卤菜是没啥好吃的，太齁了","原始评论"
"三凤桥","三凤桥","BV1wi4y1z7oD","201796855616","201367369776","2024-01-05 14:58:30","0","无锡市","无锡市","有效推荐","是","明确到店或菜品推荐","三凤桥油爆虾也可以试试 你吃甜的话应该也会喜欢[doge]","原始评论"
"三凤桥","三凤桥","BV1wi4y1z7oD","203884312352","201367369776","2024-01-19 18:59:26","0","无锡市","无锡市","有效推荐","是","明确正向用餐体验","我觉得三凤桥最好吃的就是梅汁鸡翅哈哈哈哈哈但我感觉来旅游的人都不怎么买鸡翅[妙啊]","原始评论"
"三凤桥","三凤桥","BV1Z9NJ6vEPS","305735289601","308779677104","2026-07-11 22:49:05","3","","","有效推荐","是","明确正向用餐体验","但是三凤桥的排骨真的很好吃[大哭]","原始评论"
"三同面馆","三同面馆","BV1Wj411n7PD","201534983792","","2024-01-03 18:22:20","1","","","有效推荐","是","明确到店或菜品推荐","吃面推荐去三同面馆，小笼包熙盛源笑来喜，馄饨这段时间胡记和锡胡记干架价格战争很划算。","原始评论"
"邵氏光头鸡","邵氏光头鸡","BV15KSbYKEZS","245589159041","","2024-10-30 17:46:30","4","无锡市","无锡市","有效推荐","是","明确正向用餐体验","推荐鸡鸭鹅大酒店、活泼鲜跳（其实我感觉一般，但是朋友都说好吃，而且每次去都要预约，人超多）、炙焰铁板烧、邵氏光头鸡（东北塘店）[呲牙]只是自己觉得好吃的一些店的推荐，好奇大佬是什么评价","原始评论"
"沈府嘉筵","沈府嘉筵","BV15KSbYKEZS","247942479601","245572643361","2024-11-28 22:19:23","0","无锡市","无锡市","有效推荐","是","明确到店或菜品推荐","回复：还在无锡的话可以去尝尝沈府嘉筵，无锡私房菜，用餐环境也比较好","原始评论"
"苏兴记","苏兴记","BV1cURwYnEum","265342158161","256433564417","2025-06-22 23:47:23","0","无锡市","无锡市","有效推荐","是","明确正向用餐体验","苏兴记的很不错","原始评论"
"陶兴宝点心店","陶兴宝","BV1L1421Z7Zz","217603447824","","2024-04-19 20:13:04","0","无锡市","江阴市","有效推荐","是","明确正向用餐体验","第一次刷到家乡美食，自我感觉陶兴宝没有方桥好吃，第二家我也要去尝尝","原始评论"
"陶兴宝点心店","陶兴宝","BV1L1421Z7Zz","218338721712","217441047232","2024-04-24 19:07:11","0","无锡市","江阴市","有效推荐","是","明确正向用餐体验","陶兴宝 没10年前好吃了，现在鲜的都是鸡精 味精","原始评论"
"天福苑","天福苑","BV14M4y187sh","162762904096","162738027408","2023-04-28 12:42:35","0","无锡市","无锡市","有效推荐","是","明确正向用餐体验","回复：天福苑的玉兰饼好吃哦","原始评论"
"天福苑","天福苑","BV15KSbYKEZS","245842030881","245565352849","2024-11-02 20:07:32","0","无锡市","无锡市","有效推荐","是","明确到店或菜品推荐","回复：怡红院贵，有的菜还会踩雷，下班早，建议去市中心的天福苑或者西新饭店，下地铁还能顺便在三凤桥带点卤菜走","原始评论"
"天福苑","天福苑","BV1e314YJEFA","245530632321","","2024-10-29 22:11:33","0","无锡市","无锡市","有效推荐","是","明确正向用餐体验","无锡商业大厦后面巷子里长大的80后表示之前都没听过这店，不知道近几年怎么红起来的。要说本地传统小酒楼还要数怡红园、啤酒苑、红灯笼这些，规模大点天福苑比较稳定，市区外的和团团啊什么还不错。老牛这店几个菜看着就没食欲，前几年靠着菜量大不知道怎么就爆火起来。另外说起预制菜的问题，无锡招牌的馄饨店里有部分也开始用预制馅料的小笼包肉馅了，总公司配送的大包解冻下现包再蒸，点名锡笼记","原始评论"
"天福苑","天福苑","BV1Nj41177WC","196651670560","","2023-12-01 08:57:40","0","无锡市","无锡市","有效推荐","是","明确正向用餐体验","作为无锡人，我觉得小笼包和馄饨最好吃的是熙盛源的，玉兰饼最好吃是天福苑的。","原始评论"
"天福苑","天福苑","BV1otyHYuE1S","245002093681","244982893329","2024-10-22 22:30:28","1","","","有效推荐","是","明确正向用餐体验","我喜欢吃天福苑的玉兰饼，毛华我不爱","原始评论"
"天福苑","天福苑","BV1otyHYuE1S","245169241937","244982893329","2024-10-25 10:50:41","1","","","有效推荐","是","明确正向用餐体验","天福苑的比毛华好吃","原始评论"
"天福苑","天福苑","BV1otyHYuE1S","245216976352","","2024-10-22 18:16:28","1","","","有效推荐","是","明确正向用餐体验","天福苑的玉兰饼好吃","原始评论"
"天福苑","天福苑","BV1otyHYuE1S","245217126352","245214627808","2024-10-22 18:17:44","0","","","有效推荐","是","明确正向用餐体验","天福苑的玉兰饼好吃","原始评论"
"天福苑","天福苑","BV1sE411h7DD","2064605551","","2019-10-29 07:17:50","0","无锡市","无锡市","有效推荐","是","明确正向用餐体验","天福苑和毛华风玉兰饼最好吃！！！","原始评论"
"天福苑","天福苑","BV1sE411h7DD","2070573546","","2019-10-31 22:47:59","1","无锡市","无锡市","有效推荐","是","明确正向用餐体验","小猪猪，崇宁路上天福苑的玉兰饼也很好吃，有机会你可以去试试。","原始评论"
"天福苑","天福苑","BV1sE411h7DD","3566959606","","2020-10-05 20:02:32","0","无锡市","无锡市","有效推荐","是","明确正向用餐体验","玉兰饼最好吃应该就是天福苑和毛华，两种不太一样的风格！","原始评论"
"天福苑","天福苑","BV1Ue4y1r7QE","132978350432","132842517520","2022-10-09 05:20:41","1","无锡市","无锡市","有效推荐","是","明确正向用餐体验","有一说一，天福苑的玉兰饼比清扬毛华好吃，振新路毛华才可以一战[呲牙]","原始评论"
"天福苑","天福苑","BV1Ue4y1r7QE","133769386720","132842517520","2022-10-16 00:07:33","0","无锡市","无锡市","有效推荐","是","明确正向用餐体验","无锡人来顶一下，天福苑的脆皮玉兰饼真的好吃，个人感觉比毛华的好很多。这几年在外地上学好久都没吃到了，想念[星星眼]","原始评论"
"天福苑","天福苑","BV1Z9NJ6vEPS","308801539296","","2026-07-10 23:54:22","2","","","有效推荐","是","明确正向用餐体验","无锡本地人，鸡鸭鹅不好吃[夏日萌菜表情包_两眼一黑]，不是正儿八经的无锡本帮菜，天福苑的好吃","原始评论"
"阗福斋","阗福斋","BV1wi4y1z7oD","201367369776","","2024-01-02 15:39:13","160","无锡市","无锡市","有效推荐","是","明确正向用餐体验","12月去无锡玩了几天，吃得很好，可能是我对甜甜食物接受度比较高。一去就吃了毛华的玉兰饼和酸辣汤，真的好好吃啊，我超爱玉兰饼，每天早上吃一个都要积食一整天，但是第二天一早又要吃一个[害羞]梅花糕去了老法头和稻香这家，每次各买一个肉的和红豆的，刚出炉真的好吃！还在市场附近第一次尝试了红糖烧饼夹油条和咸豆浆的组合，意外地对我胃口。祝琴吃了甜甜的拌馄饨和泡泡馄饨，也很不错。买了小红的双酿，但没有惠山古镇那边的阗福斋好吃，阗福斋的双酿皮薄馅大非常好吃，一定要当天吃，很绝！还在惠山古镇吃了青山绮的肉汤团和豆沙汤团，当然还有我心爱的玉兰饼，美滋滋。中午去了新万鑫吃蟹粉捞面，相比面来说我更喜欢他家的小笼嘿嘿，吃完买了干面带走。最后一天去三凤桥买特产回家，除了特色的酱排骨和面筋塞肉，我觉得他家的梅汁鸡翅和烧鸡也很赞。无锡太好吃了，下次还去（熊二口音）[给心心]","原始评论"
"王兴记","王兴记","BV19XZDYQE4L","259570803616","259530237296","2025-04-05 08:12:28","0","无锡市","无锡市","有效推荐","是","明确正向用餐体验","王兴记 现在没那么好吃了 以前好吃的 现在味道有点怪了 熙盛源兴隆记这种连锁的好一丢丢","原始评论"
"王兴记","王兴记","BV1cURwYnEum","256343036657","","2025-03-06 19:20:03","0","无锡市","无锡市","有效推荐","是","明确正向用餐体验","熙盛源好吃，比王兴记好吃","原始评论"
"王兴记","王兴记","BV1cURwYnEum","256375893457","256312554577","2025-03-07 06:31:07","0","无锡市","无锡市","有效推荐","是","明确正向用餐体验","我81年，5岁去的南京，小笼肯定比汤包厚，光尺寸就不一样，汤包更好吃点，无锡小笼呢属于可以当主食，另外我实际上更喜欢吃拌馄饨，当然现在无锡人不喜欢吃了，但我最喜欢，因为别的地方吃不到目前南京没有一家有。 之前江南小镇还有拌馄饨，开洋的，后来净化到有大馄饨但是不拌，我亲自让他们加酱油加糖我直接吃的，后来直接没了。 另外王兴记我小时候吃是很好吃的，现在就是买个排骨了，排骨还是那个味道其他不行了。 我爸说还有个银丝面，里面加太湖银鱼的现在不知道哪里还有了。","原始评论"
"王兴记","王兴记","BV1cURwYnEum","256376038657","256312503393","2025-03-07 06:39:52","1","无锡市","无锡市","有效推荐","是","明确正向用餐体验","回复：我小时候王兴记是好吃的","原始评论"
"王兴记","王兴记","BV1cURwYnEum","256376168833","257131371024","2025-03-07 06:46:13","2","无锡市","无锡市","有效推荐","是","明确正向用餐体验","回复：他说的是坐时光机去80年代吃，我80年代吃的王兴记就很好吃[doge]","原始评论"
"王兴记","王兴记","BV1cURwYnEum","256380624321","256376038657","2025-03-07 09:06:45","2","无锡市","无锡市","有效推荐","是","明确正向用餐体验","回复：是的！小时候家里没做早饭的话 门口王兴记标准一碗三鲜拌面+一两小笼 感觉贼好吃","原始评论"
"王兴记","王兴记","BV1cURwYnEum","256501894353","257072561280","2025-03-08 18:46:17","1","无锡市","无锡市","有效推荐","是","明确正向用餐体验","王兴记的三鲜馄饨很不错","原始评论"
"王兴记","王兴记","BV1cURwYnEum","257156371088","","2025-03-07 12:33:37","5","无锡市","无锡市","有效推荐","是","明确正向用餐体验","各位来无锡只要不去王兴记，其他品牌都可以，各有千秋。王兴记的好吃包子记忆，还要追溯到连元街口，迎春书场边上湖光照相馆马路对面那个老店了，估计很多人都不了解了，一到冬天整个连元街口弥漫着蒸汽和包子味。","原始评论"
"王兴记","王兴记","BV1cURwYnEum","257270364848","256378050513","2025-03-08 19:05:13","1","无锡市","无锡市","有效推荐","是","明确正向用餐体验","我80后，小时候的王兴记真的好吃，我记得那时还是集体的。后来就不行了，又贵又难吃，到现在我没去过，不知道改变没有。","原始评论"
"王兴记","王兴记","BV1cURwYnEum","266134800657","256378050513","2025-07-01 01:38:29","1","无锡市","无锡市","有效推荐","是","明确正向用餐体验","王兴记是没以前好吃了啊，我爸上次看到王兴记想进去吃一顿馄饨和馒头，结果是骂着出来的","原始评论"
"王兴记","王兴记","BV1Nj41177WC","197580389920","","2023-12-07 21:29:12","0","无锡市","无锡市","有效推荐","是","明确正向用餐体验","无锡那个王兴记小笼包真的好好吃","原始评论"
"王兴记","王兴记","BV1Nj41177WC","199266974256","195617024432","2023-12-19 06:44:52","1","无锡市","无锡市","有效推荐","是","明确正向用餐体验","西红柿炒蛋，需要加盐，纯甜口不太好吃。想要甜得加盐，作为镇江人，我吃无锡菜本地菜都可以接受的，主要是某些东西会甜的过了，比如王兴记的汤包，鬼一样难吃，随便找家路边摊的小笼包都比王兴记好吃，所以还是很多所谓网红店，知名度高的所谓老字号越做越差，才给外地人留下坏印象。对于拌面加糖这件事，我觉得主要是去除酱油的酱涩味，对于我们镇江人来说酱油都是需要熬制的，所以在熬制过程中就会加糖加一些香料，而无锡拌面酱油都是现成的，所以加一些也正常。无锡的甜其实没有那么夸张，沈阳人烤鸡架还要疯狂撒白糖呢。江苏的甜度是苏北＜镇江≈常州＜苏州＜无锡。南京排除在外安徽口味吃不惯","原始评论"
"王兴记","王兴记","BV1oP6mB4EuX","286201351841","","2026-01-12 14:57:00","39","无锡市","无锡市","有效推荐","是","明确正向用餐体验","福乐就是最传统的老店了，特点是开洋味浓，价格便宜的提前下品质比较好，比它价格便宜的没它好吃，比它好吃的肯定比它贵，加上市中心的位置，复古的售卖方式，算是比较有代表性且性价比很高的无锡特色小吃了，红汤辣用了一部分鲜椒，味道比较复合，酱油是老酱油，回口会有少许老式酱油的苦味，香味和其他用油辣子的味道不一样，小笼包属于很平衡的均衡派，不算特别甜，酱油比例也合适，适合外地朋友初试的入门级别，如果这个都吃不了，那么其他店基本就可以不用试了（除开王兴记，王兴记只有总店还值得一试，性价比不高，个头偏小，味道也是中规中矩，减糖的）无锡馄饨的汤是用猪骨，鸡鸭架子等材料熬的复合高汤，清汤味浓，鲜香，作为基汤，加酱油或者辣子能衍生出不同的口味，是很接地气，但又比较精细的苏杭菜系管中窥豹的一个体现，还有并非不欢迎外地同胞，只是无锡实在是太小了，旅游季本地人都不敢去了，交通管制+停车场爆满[笑哭]求求你们别来了，提倡错峰出行[脱单doge]","原始评论"
"王兴记","王兴记","BV1oP6mB4EuX","287575224657","288119210128","2026-01-26 07:31:26","0","无锡市","无锡市","有效推荐","是","明确到店或菜品推荐","回复：熙盛源 味道不错 河寽口方向有一家大耳朵馄饨 量很足 还有很多本地特色菜提供 云岭锡上附近有芦庄超王记 王兴记不是很推荐 不过也可以吃","原始评论"
"王兴记","王兴记","BV1Ue4y1r7QE","132941075632","132574937792","2022-10-08 20:58:51","0","无锡市","无锡市","有效推荐","是","明确正向用餐体验","王兴记的东西说实话还没有超王记好吃","原始评论"
"王兴记","王兴记","BV1Ue4y1r7QE","135822745120","132960152144","2022-11-01 17:01:10","0","无锡市","无锡市","有效推荐","是","明确到店或菜品推荐","小笼包除了王兴记的都可以吃[doge]","原始评论"
"王裕兴","王裕兴","BV1vieoz9Eb9","279490469360","277897618129","2025-10-17 17:28:19","0","无锡市","无锡市","有效推荐","是","明确正向用餐体验","回复：小吃吃就去熙盛源，毛华，穆桂英，正经吃饭去怡红花院，啤酒苑也可以，怡红花院老板开的更好一点的一家盛铭轩-怡红花院我更喜欢，酱排骨只推荐三凤桥去吃新鲜的，千万别再带，特别是塑封包装的，三凤桥的桂花糕很好，鲜肉月饼估计现在没有了，再冷一点就可以吃大闸蟹了，南禅寺的王裕兴肉装手抓骨也不错，就是甜，看你吃不吃的惯，只推荐扇子骨，活肉，鲜嫩，乡里人家也不错，吃家常菜也不错，宝界雄鹰","原始评论"
"无锡大饭店","无锡大饭店","BV1o9XdYZEFp","256888324880","256119921617","2025-03-03 23:31:55","0","无锡市","无锡市","有效推荐","是","明确正向用餐体验","回复：这道菜，无锡大饭店应该是最正宗的，因为就是里面的大厨发明的[笑哭]","原始评论"
"无锡鸡鸭鹅大酒店","鸡鸭鹅大饭店","BV1GgXNBiESt","296862796272","296860116160","2026-03-27 21:49:26","5","无锡市","无锡市","有效推荐","是","明确到店或菜品推荐","本地菜最基础保险的选择是老牛窝里，最好去他们家老店，体验本地常吃的早面菜饭一类可以去鸡鸭鹅大饭店、丰鼎鸡汤面馆、春笋面馆，南禅寺小吃街现在很同质化了我是不太推荐去的，可以试试海棠糕和梅花糕，就是要注意可能真的很甜顶不住，还想找些小吃可以去稻香菜市场，虽然现在也网红化了还是比较有本地风味的，还有毛华的酸辣汤和玉兰饼顺路的话可以去尝尝，专门去吃不太值吧，穆桂英的糕团还有陆稿荐的酱肉酱排骨不太推荐，因为现在商业化严重基本是纯工业制品，对日料有兴趣可以去找福将拉面，特别的正宗，日本人来吃一口都得直呼家乡的撒库拉开了，如果想尝试本地特有的，最古早的风味，你可以在稻香找个卖汤团的早饭店，要个菜猪油馅的汤团[滑稽]","原始评论"
"无锡鸡鸭鹅大酒店","鸡鸭鹅大酒店","BV1rjWpzVEvx","282753056384","280893188225","2025-11-17 20:23:43","0","无锡市","无锡市","有效推荐","是","明确正向用餐体验","回复：要想吃点正宗的东西，小笼包和汤馄饨吃古香楼，拌馄饨吃锡胡记馄饨滨湖万达店，拌面吃君溢面馆，正宗一点的无锡菜少花点钱可以在鸡鸭鹅大酒店吃吃，实在不行你非要吃大店里面的正一点好吃一点的无锡菜那就去西新饭店","原始评论"
"无锡鸡鸭鹅大酒店","鸡鸭鹅大酒店","BV1Z9NJ6vEPS","305667525281","","2026-07-11 13:10:35","1","","","有效推荐","是","明确正向用餐体验","本地人都不会去吃那个什么鸡鸭鹅大酒店[辣眼睛]老牛窝也就之前好吃吧，感觉最近越做越甜，有种迎合刻板印象的感觉","原始评论"
"无锡老漕面","老漕面／无锡老漕面","BV1Wj411n7PD","216174203664","","2024-04-10 02:04:41","0","","","有效推荐","是","明确到店或菜品推荐","无锡本地人推荐吃面吃无锡老漕面，喝酒要喝黄酒","原始评论"
"无锡老牛咸豆浆","老牛咸豆浆／无锡老牛咸豆浆","BV1wi4y1z7oD","201896144496","","2024-01-06 07:37:39","0","无锡市","无锡市","有效推荐","是","明确到店或菜品推荐","可以去尝尝无锡老牛咸豆浆，来常州的话可以去试试礼嘉坂上东街面馆","原始评论"
"無夕小笼","無夕小笼","BV15KSbYKEZS","245841119408","245572643361","2024-10-30 14:34:10","2","无锡市","无锡市","有效推荐","是","明确到店或菜品推荐","回复：锡笼记，新万鑫这俩是偏无锡味的，外地人实在接受不了可以去無夕小笼，那里的没有那么甜。面的话梁溪大桥站4号口下出来胖子面馆，扁尖、素鸡、雪菜、三鲜都是推荐浇头，酸辣汤的话去太湖广场站1口下，M会员店对面的毛华，配着玉兰饼吃无敌","原始评论"
"西新饭店","西新饭店","BV15KSbYKEZS","245842030881","245565352849","2024-11-02 20:07:32","0","无锡市","无锡市","有效推荐","是","明确到店或菜品推荐","回复：怡红院贵，有的菜还会踩雷，下班早，建议去市中心的天福苑或者西新饭店，下地铁还能顺便在三凤桥带点卤菜走","原始评论"
"锡胡记","锡胡记","BV15KSbYKEZS","245864884736","245596798497","2024-10-30 19:52:05","0","无锡市","无锡市","有效推荐","是","明确正向用餐体验","回复：本地正宗且好吃的不多目前我只吃到一家君溢面馆,锡胡记馄饨只有滨湖店好吃其他店不太行","原始评论"
"锡来缘","锡来缘","BV1e314YJEFA","245803863568","","2024-10-30 00:22:35","1","无锡市","无锡市","有效推荐","是","明确到店或菜品推荐","我推荐一个沁扬路“柒拾陆号人家”都是现炒菜，算是老店了我经常和同事去吃，“弄堂口”好久没有去吃了不知道初心有没有变，年轻一点的餐饮店而且真材实料做的可以去稻香路的“锡来缘”看看。最后，离三凤桥、南长街、南禅寺远一点[吃瓜]","原始评论"
"锡笼记","锡笼记","BV15KSbYKEZS","245828796000","245828069472","2024-10-30 11:50:12","2","无锡市","无锡市","有效推荐","是","明确正向用餐体验","回复：我在无锡上的大学，四川人，说实话饮食方面的冲击真的很大[笑哭] 当时食堂点了一份糖浆藕片把我整不会了，但有一说一锡笼记的小笼汤包和饷油鳝确实好吃","原始评论"
"锡笼记","锡笼记","BV1cURwYnEum","256314279377","","2025-03-06 12:02:10","0","无锡市","无锡市","有效推荐","是","明确正向用餐体验","熙盛源个大肉多，这种风格的无锡小笼，笑来喜做得最好。勤德兴、古香楼、和兴记是另一种风格，也很好吃。改良版的锡笼记也不错。","原始评论"
"锡笼记","锡笼记","BV1cURwYnEum","259255776625","256312554577","2025-04-11 20:38:35","0","无锡市","无锡市","有效推荐","是","明确正向用餐体验","淼品香和锡笼记的正宗好吃，都是皮薄肉紧实的","原始评论"
"锡笼记","锡笼记","BV1Ue4y1r7QE","132690041088","132607003520","2022-10-06 19:58:46","2","无锡市","无锡市","有效推荐","是","明确正向用餐体验","现在学校旁边的小馄饨店比锡笼记的开洋好吃","原始评论"
"锡笼记","锡笼记","BV1Ue4y1r7QE","132748563568","","2022-10-07 09:42:34","121","无锡市","无锡市","有效推荐","是","明确正向用餐体验","说无锡甜的，我就觉得很搞笑，你怎么不说四川辣，广东宣，就像吃咸鱼咸肉说太咸，臭豆腐太臭，这不是找茬吗？无锡是没有辣的饭店吗？没有清淡的，没有味道浓厚的吗？就一定要喷到把一个地方特色给改没了。做为一个土生土长瘪三的小无锡人，无锡美食已经消失了太多太多了，吃个梅花糕，小馄饨，鸡仔大饼啥的就那么几家店有了，全是淮南牛肉汤，黄焖鸡米饭，杨国福，张亮这些千篇一律的统一味型了。就像我最喜欢的吃的拌面，小笼包，三鲜馄饨，都快成统一味道了，说熙盛源，锡笼记啥的好吃的我就觉得离谱，以前随便一个菜场的小笼包店都比他们好吃很多很多，连招牌都没有，不但好吃而且每家味道都不一样，隔着几百米可能就有一帮当地的拥簇。我以前住在南下塘那，我把就觉得金塘桥下的比跨塘桥那的馄饨包子好吃，我则反之，可是两家就隔着一公里左右。我儿子长大了以后可能只能吃到千篇一律的味道了，真心希望资本不要对小吃点心下手，求求他们了，放过地方小吃吧！","原始评论"
"锡吴楼","锡吴楼","BV1e314YJEFA","245907672528","245782734576","2024-10-31 10:21:54","2","无锡市","无锡市","有效推荐","是","明确正向用餐体验","回复：[滑稽]，之前看见王兴记，网上差评太多没敢去吃，很多人推荐芦庄超王记，我也觉得不好吃。勤德兴和锡吴楼的小笼包我觉得很好吃，无锡本地人小笼包爱吃哪家？","原始评论"
"锡乡记","锡乡记","BV1axj26fED7","306920059104","","2026-06-25 14:21:12","0","无锡市","无锡市","有效推荐","是","明确到店或菜品推荐","要是想吃正宗无锡菜的话，可以去南长街的那家锡乡记","原始评论"
"熙盛源","熙盛源","BV19XZDYQE4L","259570803616","259530237296","2025-04-05 08:12:28","0","无锡市","无锡市","有效推荐","是","明确正向用餐体验","王兴记 现在没那么好吃了 以前好吃的 现在味道有点怪了 熙盛源兴隆记这种连锁的好一丢丢","原始评论"
"熙盛源","熙盛源","BV1cURwYnEum","256323909425","","2025-03-06 14:23:27","0","无锡市","无锡市","有效推荐","是","明确重复到店行为","[藏狐]古香楼/勤德兴，熙盛源本地人经常去吃的","原始评论"
"熙盛源","熙盛源","BV1cURwYnEum","256327209761","","2025-03-06 15:23:27","0","无锡市","无锡市","有效推荐","是","明确正向用餐体验","熙盛源我觉得好吃","原始评论"
"熙盛源","熙盛源","BV1cURwYnEum","256343036657","","2025-03-06 19:20:03","0","无锡市","无锡市","有效推荐","是","明确正向用餐体验","熙盛源好吃，比王兴记好吃","原始评论"
"熙盛源","熙盛源","BV1cURwYnEum","256344317473","","2025-03-06 19:36:45","0","无锡市","无锡市","有效推荐","是","明确正向用餐体验","还好吃的熙盛源，吃王兴记不得骂出屎","原始评论"
"熙盛源","熙盛源","BV1cURwYnEum","256345147441","256338847073","2025-03-06 19:45:53","0","无锡市","无锡市","有效推荐","是","明确正向用餐体验","回复：先去扬州吃早茶，晚上再修个脚。晚上坐车去无锡，吃汤包和馄饨（熙盛源的馄饨好吃）。","原始评论"
"熙盛源","熙盛源","BV1cURwYnEum","256356451825","256312503393","2025-03-06 22:13:21","4","无锡市","无锡市","有效推荐","是","明确正向用餐体验","回复：王兴记除了齁甜就是往死里放姜。 熙盛源贵在稳定。 超王记，锡鼎记看运气，时而超神，时而拉跨。 我一个上海上班的甘肃籍贯的无锡女婿竟然对甜肉包这么熟悉……真是堕落啊……","原始评论"
"熙盛源","熙盛源","BV1cURwYnEum","256364155153","257124017328","2025-03-06 23:45:11","0","无锡市","无锡市","有效推荐","是","明确正向用餐体验","上海有勤德兴，比熙盛源好吃😋","原始评论"
"熙盛源","熙盛源","BV1cURwYnEum","256432211681","","2025-03-07 21:39:08","0","无锡市","无锡市","有效推荐","是","明确正向用餐体验","南京人，不觉得太甜，很喜欢熙盛源的包子","原始评论"
"熙盛源","熙盛源／熙盛源馄饨","BV1cURwYnEum","256622028513","","2025-03-10 05:38:18","0","无锡市","无锡市","有效推荐","是","明确正向用餐体验","为啥不吃馄饨呀！熙盛源馄饨很好吃","原始评论"
"熙盛源","熙盛源","BV1cURwYnEum","257077977952","","2025-03-06 12:45:17","0","无锡市","无锡市","有效推荐","是","明确重复到店行为","无锡小笼我还可以接受，每次去都会来熙盛源吃一顿，但有一次点了份拌馄饨，没想到碗底埋了一堆白糖，越吃越甜，真的是把我吃腻住了[笑哭][笑哭]现在改吃清汤馄饨，口感好多了。","原始评论"
"熙盛源","熙盛源","BV1cURwYnEum","257124017328","","2025-03-06 23:18:15","1","无锡市","无锡市","有效推荐","是","明确重复到店行为","每次去无锡都尽量吃趟熙盛源，他们家环境真的不错，一次也不多就吃四个够了。虽然我也觉得甜，但是偶尔吃吃真的不错，多沾点醋，解腻~","原始评论"
"熙盛源","熙盛源","BV1cURwYnEum","257132675536","257072727392","2025-03-07 01:31:16","1","无锡市","无锡市","有效推荐","是","明确正向用餐体验","回复：同最常吃的是苏兴记，就在家旁边离得近，家里人充过钱还不需要自己花钱买[Mygo表情包_抹茶芭菲]当然熙盛源也很好吃，只可惜离得没那么近","原始评论"
"熙盛源","熙盛源","BV1cURwYnEum","257134259424","","2025-03-07 02:13:09","1","无锡市","无锡市","负面评价／有效推荐","是","含明确负向体验；明确正向用餐体验","我是上海人，但是祖爷爷是无锡的，和无锡的亲戚也有联系，去了好几次无锡了，说实话我感觉勤德兴的小笼是最和我胃口的，肉饱满很多，而且点单吃饭的体验也会好很多，熙盛源感觉一般般，但是点单和上菜真的太混乱了，熙盛源真正好吃的我觉得是拌馄饨，那个底汁估计是烧过肉的酱油，特别好吃。","原始评论"
"熙盛源","熙盛源","BV1cURwYnEum","257275263072","257274488320","2025-03-08 20:02:32","0","无锡市","无锡市","有效推荐","是","明确正向用餐体验","我觉得熙盛源的开洋馄饨好吃","原始评论"
"熙盛源","熙盛源","BV1cURwYnEum","257518390704","257106071232","2025-03-11 19:55:31","1","无锡市","无锡市","有效推荐","是","明确正向用餐体验","我从小吃到大都是熙盛源…..众口难调但是我永远都喜欢熙盛源[大哭]但我从来没吃过笑来喜 且觉得小笼包的话石皮路的鼎福记最好吃 熙盛源所有馄饨我都超爱[爱心]","原始评论"
"熙盛源","熙盛源","BV1cURwYnEum","257835799440","","2025-03-15 17:43:38","0","无锡市","无锡市","有效推荐","是","明确正向用餐体验","熙盛源红汤辣馄饨好吃","原始评论"
"熙盛源","熙盛源","BV1cURwYnEum","258206261073","","2025-03-29 23:39:48","0","无锡市","无锡市","有效推荐","是","明确正向用餐体验","这家店我去过2次了 甜度我很喜欢 小笼包very good 不要接受老高的建议[笑哭] 他们的排骨是中央厨房提前的做好的成品 应该算预制菜吧 上海的熙盛源我也去过好几次 味道都一样","原始评论"
"熙盛源","熙盛源","BV1cURwYnEum","258466739408","258414548272","2025-03-23 10:06:38","0","无锡市","无锡市","有效推荐","是","明确正向用餐体验","回复：是的 熙盛源还是好吃的","原始评论"
"熙盛源","熙盛源","BV1cURwYnEum","258885843872","","2025-03-28 12:07:17","0","无锡市","无锡市","有效推荐","是","明确到店或菜品推荐","我12年在无锡也被当地人安利的熙盛源 ，但是后来无锡人好像已经自己把他抛弃了","原始评论"
"熙盛源","熙盛源","BV1cURwYnEum","259813529585","","2025-04-18 23:34:01","0","无锡市","无锡市","有效推荐","是","明确重复到店行为","无锡小笼馒头，就是那口甜，非常有调性的味道。路过常去吃的都是熙盛源。有家会搞个倒计时上菜的，那个真的死甜一点其他风味都没有，非常不推荐，有人知道叫什么来着？","原始评论"
"熙盛源","熙盛源","BV1e314YJEFA","245730097360","245666093200","2024-10-29 05:39:26","0","无锡市","无锡市","有效推荐","是","明确正向用餐体验","熙盛源的开洋馄饨和小笼包正宗吗，我去无锡吃过一次，还觉得挺好吃的","原始评论"
"熙盛源","熙盛源","BV1e314YJEFA","245730230704","","2024-10-29 05:39:33","6","无锡市","无锡市","有效推荐","是","明确正向用餐体验","熙盛源的开洋馄饨和小笼包正宗吗，我去无锡吃过一次，还觉得挺好吃的","原始评论"
"熙盛源","熙盛源","BV1GgXNBiESt","300943629104","296860116160","2026-05-01 22:01:34","0","无锡市","无锡市","有效推荐","是","明确正向用餐体验","别去老牛窝里了，已经不行了。崇安寺有个皇亭美食城，里面都是正宗老无锡小吃，豆腐脑，小馄饨，酸辣汤，鸡子大饼，馄饨，小笼包等。地道美食有熙盛源的小笼包，毛华的玉兰饼，穆桂英的团子，这些都要去别的地方了。","原始评论"
"熙盛源","熙盛源","BV1nd4y1u7P8","130182577136","","2022-09-15 20:00:13","0","","","有效推荐","是","明确正向用餐体验","[脱单doge]小吴可以尝尝锡笼记的，感觉现在比熙盛源好吃一些","原始评论"
"熙盛源","熙盛源","BV1Nj41177WC","195530114192","","2023-11-22 23:55:42","0","无锡市","无锡市","有效推荐","是","明确正向用餐体验","无锡小笼包yyds！！！熙盛源已经变成我每周都要找人给我带的了[脱单doge]太好吃了我爱一辈子","原始评论"
"熙盛源","熙盛源","BV1Nj41177WC","195599258320","","2023-11-23 15:08:49","0","无锡市","无锡市","有效推荐","是","明确正向用餐体验","熙盛源好吃，从2块吃到现在3块？","原始评论"
"熙盛源","熙盛源","BV1Nj41177WC","196651670560","","2023-12-01 08:57:40","0","无锡市","无锡市","有效推荐","是","明确正向用餐体验","作为无锡人，我觉得小笼包和馄饨最好吃的是熙盛源的，玉兰饼最好吃是天福苑的。","原始评论"
"熙盛源","熙盛源","BV1Nj41177WC","197465563920","195555031696","2023-12-07 00:13:38","0","无锡市","无锡市","有效推荐","是","明确正向用餐体验","喜欢吃小笼就熙盛源，喜欢吃馄饨淼品香，喜欢吃酸辣汤和玉兰饼就毛华美食，喜欢吃面可以试试惠山古镇里的那家银丝面，喜欢糕点就去崇安寺的鲍师傅，想尝试老无锡菜就去南长街的老牛窝里，最后还有酱排骨的话，有好几家店，懒得找的话就去三凤桥。","原始评论"
"熙盛源","熙盛源","BV1oP6mB4EuX","286017458545","","2026-01-10 18:30:35","0","无锡市","无锡市","有效推荐","是","明确正向用餐体验","熙盛源小笼感觉也好吃","原始评论"
"熙盛源","熙盛源","BV1oP6mB4EuX","286244854881","","2026-01-12 23:04:18","0","无锡市","无锡市","有效推荐","是","明确正向用餐体验","有熙盛源好吃吗","原始评论"
"熙盛源","熙盛源","BV1oP6mB4EuX","287575224657","288119210128","2026-01-26 07:31:26","0","无锡市","无锡市","有效推荐","是","明确到店或菜品推荐","回复：熙盛源 味道不错 河寽口方向有一家大耳朵馄饨 量很足 还有很多本地特色菜提供 云岭锡上附近有芦庄超王记 王兴记不是很推荐 不过也可以吃","原始评论"
"熙盛源","熙盛源","BV1oP6mB4EuX","288170191744","","2026-01-11 10:23:28","2","无锡市","无锡市","有效推荐","是","明确正向用餐体验","熙盛源的也好吃","原始评论"
"熙盛源","熙盛源","BV1Pc411o7wG","192644527184","","2023-11-02 18:04:13","0","","","有效推荐","是","明确到店或菜品推荐","无锡强烈推荐熙盛源[OK]","原始评论"
"熙盛源","熙盛源","BV1Ue4y1r7QE","132566257552","","2022-10-05 20:33:23","5","无锡市","无锡市","有效推荐","是","明确正向用餐体验","两年前去的无锡 他们的穆桂英美食 三凤桥排骨和熙盛源不错 很地道的无锡美食但是会偏甜 他们什么菜都要加很多很多白砂糖！ 不知道丹牛吃不吃的惯 我都吃过 这些小众美食我没有尝试过下次会来看看","原始评论"
"熙盛源","熙盛源","BV1Ue4y1r7QE","139345265872","139306666816","2022-11-27 20:57:23","2","无锡市","无锡市","有效推荐","是","明确正向用餐体验","回复：三凤桥酒楼堂食还是推荐的，虽然说不上多好吃，但是算好吃。王兴记，虽然说不上好吃，但是不难吃，再过几年也要百年老店了（小笼包馄饨，无锡特色的 熙盛源 超王记 笑来喜 都是好吃的），南禅寺么，也就穆桂英了，虽然不算好吃，至少还是无锡味道。其他都是网红店。其他好多无锡味道的饭店都关了。老一辈是推荐 国际饭店和湖滨饭店的，好多年没去吃过了，不知道啥味道。","原始评论"
"夏联福记","夏联福记／夏联福记老店","BV11C4zz6E8e","279361186896","","2025-10-16 11:55","1","无锡市","无锡市","有效推荐","是","明确到店或菜品推荐","认为夏联福记老店的拌面值得吃并建议加胡椒粉","历史精选证据摘要"
"小峰饭店","小峰饭店","BV1e314YJEFA","245786894256","245785401600","2024-10-29 21:02:08","34","无锡市","无锡市","有效推荐","是","明确正向用餐体验","回复：笑死个人，南长街门口小峰饭店还排大队呢，好吃吗？你一定也很喜欢现在小峰饭店的骨头煲吧？我再猜猜，你该不会还喜欢排大队的“老无锡”口味的新万鑫，二泉老菜馆吧？江浙菜你该不会还喜欢吃排大队的外婆家，桂满陇吧？粤菜你该不会喜欢排大队的民记吧？新疆菜不会是喜欢北疆饭店吧？","原始评论"
"小峰饭店","小峰饭店","BV1e314YJEFA","245828676960","245827657856","2024-10-30 11:47:05","2","无锡市","无锡市","有效推荐","是","明确正向用餐体验","回复：对，当年的小峰饭店真的很好吃，骨头煲一绝，炒菜也不含糊","原始评论"
"笑来喜","笑来喜","BV15KSbYKEZS","245649936497","245853934864","2024-10-31 12:34:52","0","无锡市","无锡市","有效推荐","是","明确正向用餐体验","回复：笑来喜确实好吃，馄饨的味道也很好","原始评论"
"笑来喜","笑来喜","BV1cURwYnEum","257329588144","257072561280","2025-03-09 12:48:14","1","无锡市","无锡市","有效推荐","是","明确正向用餐体验","笑来喜好吃","原始评论"
"笑来喜","笑来喜","BV1cURwYnEum","257518390704","257106071232","2025-03-11 19:55:31","1","无锡市","无锡市","有效推荐","是","明确正向用餐体验","我从小吃到大都是熙盛源…..众口难调但是我永远都喜欢熙盛源[大哭]但我从来没吃过笑来喜 且觉得小笼包的话石皮路的鼎福记最好吃 熙盛源所有馄饨我都超爱[爱心]","原始评论"
"笑来喜","笑来喜","BV1cURwYnEum","272322872513","259298299856","2025-08-22 20:33:41","0","无锡市","无锡市","有效推荐","是","明确正向用餐体验","回复：知音，笑来喜的小笼馒头最好吃。","原始评论"
"笑来喜","笑来喜","BV1L1421Z7Zz","217160381328","217032247504","2024-04-16 19:15:16","4","无锡市","江阴市","有效推荐","是","明确到店或菜品推荐","方桥不行，都是方便面调料味，可以去澄江福地寿山路口的笑来喜","原始评论"
"笑来喜","笑来喜","BV1L1421Z7Zz","267888722305","217032247504","2025-07-17 16:33:55","0","无锡市","江阴市","有效推荐","是","明确正向用餐体验","我觉得方桥完全不是小时候吃的味道了。个人感觉猪肉小笼现在笑来喜的比较好吃，陶兴宝强在蟹粉小笼，其他东西也就这样。","原始评论"
"笑来喜","笑来喜","BV1oP6mB4EuX","288181537376","286032425745","2026-01-11 12:15:22","1","无锡市","无锡市","有效推荐","是","明确正向用餐体验","我觉得笑来喜的馄饨好吃","原始评论"
"笑来喜","笑来喜","BV1oP6mB4EuX","288244312672","286017458545","2026-01-11 22:34:10","2","无锡市","无锡市","有效推荐","是","明确正向用餐体验","熙盛源因为出名早，尤其是南长街那家，外来人多，做的比较中性化，水平是有的，笑来喜我个人觉得馄饨更好吃，个人还是钟意锡城记","原始评论"
"笑来喜","笑来喜","BV1Ue4y1r7QE","139345265872","139306666816","2022-11-27 20:57:23","2","无锡市","无锡市","有效推荐","是","明确正向用餐体验","回复：三凤桥酒楼堂食还是推荐的，虽然说不上多好吃，但是算好吃。王兴记，虽然说不上好吃，但是不难吃，再过几年也要百年老店了（小笼包馄饨，无锡特色的 熙盛源 超王记 笑来喜 都是好吃的），南禅寺么，也就穆桂英了，虽然不算好吃，至少还是无锡味道。其他都是网红店。其他好多无锡味道的饭店都关了。老一辈是推荐 国际饭店和湖滨饭店的，好多年没去吃过了，不知道啥味道。","原始评论"
"新万鑫","新万鑫","BV1e314YJEFA","245568472465","245813946464","2024-10-30 12:31:04","3","无锡市","无锡市","有效推荐","是","明确正向用餐体验","回复：新万鑫确实便宜好吃，一碗面带点配菜人均不四十吧，带过两批苏州和扬州的朋友去吃过，都说很不错[妙啊]前段时间还去吃了蟹黄面，一碗不够吃还让人加了碗面[大笑]","原始评论"
"新万鑫","新万鑫","BV1Nj41177WC","195945358032","","2023-11-25 23:28:14","0","无锡市","无锡市","有效推荐","是","明确到店或菜品推荐","南长街新万鑫银丝面可以试试，还有无锡的蛋饺，百叶包","原始评论"
"兴旺面馆","兴旺面馆","BV11C4zz6E8e","277815286593","","2025-10-16 19:00","0","无锡市","无锡市","有效推荐","是","明确到店或菜品推荐","建议去兴旺面馆点由店员手拌的拌面","历史精选证据摘要"
"义兴斋","义兴斋","BV1Nj41177WC","199311263840","195497352432","2023-12-19 14:18:59","0","无锡市","无锡市","有效推荐","是","明确正向用餐体验","上马敦义兴斋的菜猪油老好吃了","原始评论"
"义兴斋","义兴斋","BV1Ue4y1r7QE","132595531840","","2022-10-06 00:10:29","0","无锡市","无锡市","有效推荐","是","明确正向用餐体验","这家没有义兴斋好吃","原始评论"
"义兴斋","义兴斋","BV1Ue4y1r7QE","134203320576","","2022-10-19 19:46:53","1","无锡市","无锡市","有效推荐","是","明确正向用餐体验","这家包子并不好吃！上马墩义兴斋的好吃！他家肉包菜包真的好吃😋","原始评论"
"义兴斋","义兴斋","BV1Ue4y1r7QE","184024785456","","2023-09-01 11:38:20","0","无锡市","无锡市","有效推荐","是","明确正向用餐体验","上马墩的义兴斋蛮好吃的","原始评论"
"忆秦园","秦园","BV1cURwYnEum","256337488113","","2025-03-06 18:08:32","1","无锡市","无锡市","有效推荐","是","明确正向用餐体验","熙盛源是我吃过最多次的，没有那么夸张的甜。另外无锡的秦园和三凤桥的包子也不错。如果要顺便吃排骨就直接去三凤桥。","原始评论"
"忆秦园","秦园／忆秦园","BV1oP6mB4EuX","288552956928","286199565825","2026-01-15 07:42:26","0","无锡市","无锡市","有效推荐","是","明确正向用餐体验","回复：无夕最难吃了，是以前忆秦园分家的，还是忆秦园最好吃，也最贵","原始评论"
"忆秦园","秦园／忆秦园","BV1oP6mB4EuX","288569842048","286465651665","2026-01-15 12:09:04","0","无锡市","无锡市","有效推荐","是","明确正向用餐体验","回复：我都好多年没去吃了，本来家这里有个老师傅是以前无锡饭店的白案，自己开了个小店，就一直那里吃吃，结果前几年他儿子给人家担保，结果欠钱的人跑了，后来那师傅一家就都跑了。。。现在就吃吃蒸乾笼、锡笼记和笑来喜，反正都没最开始的忆秦园好吃","原始评论"
"忆秦园","秦园／忆秦园","BV1Wj411n7PD","200962811936","","2023-12-30 23:34:47","3","","","有效推荐","是","明确正向用餐体验","呀，我大二去过这！里面忆秦园小笼好吃的嘞，里面商铺卖的豆腐脑居然是咸的，好吃，但是买的特产都好甜哈哈","原始评论"
"游侠烤肉","游侠烤肉","BV1GgXNBiESt","296866760272","296857878416","2026-03-27 22:25:50","0","无锡市","无锡市","有效推荐","是","明确正向用餐体验","推荐游侠烤肉 不是广 真的很好吃 不是自助","原始评论"
"游侠烤肉","游侠烤肉","BV1GgXNBiESt","297031524416","","2026-03-29 11:31:11","1","无锡市","无锡市","有效推荐","是","明确正向用餐体验","如果不吃自助的话新吴有家叫游侠烤肉的很好吃，要预约。","原始评论"
"有野食","有野食","BV1e314YJEFA","245705825136","","2024-10-28 21:10:24","4","无锡市","无锡市","有效推荐","是","明确到店或菜品推荐","来无锡啦，强烈强烈强烈推荐一下小馆子《有野食》做粤菜的一个苍蝇小馆，推荐台山黄鳝饭，五味鸭，顶我上去[打call][打call][打call][打call][打call][打call][打call][打call][打call][打call][打call][打call][打call][打call][打call]","原始评论"
"朱顺兴油酥","朱顺兴／朱顺兴油酥","BV1Wj411n7PD","200807488448","","2023-12-29 23:35:34","1","","","有效推荐","是","明确正向用餐体验","惠山古镇的朱顺兴油酥也挺好吃的，如果后面up再去，可以尝尝[无悔华夏_点赞]","原始评论"
